tiger_id,filename,station_id,range,zone_type,alert_level,latitude,longitude,camera_type,nearest_village,nearest_village_dist_km,timestamp,ambient_temp_c,lighting_condition
175,004358.jpg,PTR-CORE-EP-23,East Pench,core_forest,SAFE,21.60835,79.305965,Camera Trap (Wildlife),,7.73,2023-11-01 02:23:48,9.9,Night (IR Flash)
201,001740.jpg,PTR-CORE-CHB-03,Chorbahuli,core_forest,SAFE,21.64194,79.276831,Camera Trap (Wildlife),,11.58,2023-11-01 05:22:46,10.0,Night (IR Flash)
265,005075.jpg,PTR-CORE-EP-20,East Pench,core_forest,SAFE,21.686016,79.330694,Camera Trap (Wildlife),,5.71,2023-11-01 06:45:42,9.2,Dawn / Dusk
72,003529.jpg,PTR-CORE-DEV-14,Devalapar,core_forest,SAFE,21.717568,79.269064,Camera Trap (Wildlife),,3.97,2023-11-01 16:51:06,21.0,Daylight
237,001527.jpg,PTR-CORE-EP-08,East Pench,core_forest,SAFE,21.664827,79.328396,Camera Trap (Wildlife),,6.74,2023-11-01 19:42:59,20.2,Night (IR Flash)
94,001717.jpg,PTR-CORE-SAL-13,Saleghat,core_forest,SAFE,21.599199,79.18833,Camera Trap (Wildlife),,5.95,2023-11-02 01:44:10,11.5,Night (IR Flash)
247,001948.jpg,PTR-CORE-SAL-13,Saleghat,core_forest,SAFE,21.599221,79.187787,Camera Trap (Wildlife),,5.95,2023-11-02 02:33:41,7.3,Night (IR Flash)
229,004243.jpg,PTR-CORE-CHB-20,Chorbahuli,core_forest,SAFE,21.628061,79.272449,Camera Trap (Wildlife),,11.75,2023-11-02 05:06:13,9.4,Dawn / Dusk
213,000913.jpg,PTR-CORE-DEV-14,Devalapar,core_forest,SAFE,21.717259,79.268526,Camera Trap (Wildlife),,3.97,2023-11-02 05:51:55,8.1,Night (IR Flash)
202,000136.jpg,PTR-BUF-N-07,North Buffer,buffer,CAUTION,21.740794,79.190114,CCTV / Solar Camera,,3.1,2023-11-02 07:36:50,22.4,Dawn / Dusk
172,004493.jpg,PTR-CORE-SAL-16,Saleghat,core_forest,SAFE,21.597565,79.190326,Camera Trap (Wildlife),,5.97,2023-11-02 08:16:56,22.7,Daylight
81,003368.jpg,PTR-CORE-EP-13,East Pench,core_forest,SAFE,21.695917,79.313587,Camera Trap (Wildlife),,5.48,2023-11-02 15:00:06,18.4,Daylight
153,002535.jpg,PTR-BUF-N-08,North Buffer,buffer,CAUTION,21.741607,79.198695,CCTV / Solar Camera,,2.47,2023-11-02 17:26:20,18.5,Dawn / Dusk
153,004042.jpg,PTR-CORE-CHB-19,Chorbahuli,core_forest,SAFE,21.643612,79.252918,Camera Trap (Wildlife),,12.09,2023-11-02 18:20:55,23.9,Dawn / Dusk
268,004194.jpg,PTR-CORE-CHB-20,Chorbahuli,core_forest,SAFE,21.628054,79.27245,Camera Trap (Wildlife),,11.75,2023-11-02 18:44:12,18.7,Dawn / Dusk
172,003261.jpg,PTR-CORE-SAL-02,Saleghat,core_forest,SAFE,21.590682,79.196407,Camera Trap (Wildlife),,5.87,2023-11-02 23:31:16,11.4,Night (IR Flash)
223,002602.jpg,PTR-CORE-WP-03,West Pench,core_forest,SAFE,21.683753,79.18084,Camera Trap (Wildlife),,6.62,2023-11-02 23:39:16,11.1,Night (IR Flash)
259,003328.jpg,PTR-CORE-SAL-06,Saleghat,core_forest,SAFE,21.619157,79.154588,Camera Trap (Wildlife),,5.87,2023-11-03 02:37:00,9.6,Night (IR Flash)
136,000950.jpg,PTR-CORE-SAL-04,Saleghat,core_forest,SAFE,21.630372,79.194678,Camera Trap (Wildlife),,9.29,2023-11-03 05:09:48,9.9,Night (IR Flash)
12,001283.jpg,PTR-CORE-EP-06,East Pench,core_forest,SAFE,21.622014,79.325713,Camera Trap (Wildlife),,6.24,2023-11-03 07:21:02,22.2,Dawn / Dusk
136,000921.jpg,PTR-CORE-CHB-16,Chorbahuli,core_forest,SAFE,21.61598,79.249273,Camera Trap (Wildlife),,11.83,2023-11-03 08:07:21,24.0,Daylight
250,000839.jpg,PTR-CORE-WP-17,West Pench,core_forest,SAFE,21.688251,79.16341,Camera Trap (Wildlife),,5.57,2023-11-03 08:19:28,20.3,Daylight
1,000307.jpg,PTR-CORE-CHB-03,Chorbahuli,core_forest,SAFE,21.641565,79.27745,Camera Trap (Wildlife),,11.58,2023-11-03 12:43:39,19.3,Daylight
106,003468.jpg,PTR-CORE-DEV-10,Devalapar,core_forest,SAFE,21.721358,79.239052,Camera Trap (Wildlife),,4.07,2023-11-03 20:47:27,9.0,Night (IR Flash)
238,003226.jpg,PTR-CORE-CHB-08,Chorbahuli,core_forest,SAFE,21.652608,79.228884,Camera Trap (Wildlife),,11.48,2023-11-03 21:20:58,10.8,Night (IR Flash)
229,000598.jpg,PTR-CORE-SAL-05,Saleghat,core_forest,SAFE,21.627827,79.200811,Camera Trap (Wildlife),,9.35,2023-11-04 01:21:30,8.8,Night (IR Flash)
97,003783.jpg,PTR-CORE-WP-04,West Pench,core_forest,SAFE,21.675911,79.155139,Camera Trap (Wildlife),,5.21,2023-11-04 03:04:37,9.7,Night (IR Flash)
117,003398.jpg,PTR-CORE-CHB-07,Chorbahuli,core_forest,SAFE,21.631175,79.258799,Camera Trap (Wildlife),,13.21,2023-11-04 05:51:54,11.7,Dawn / Dusk
246,003846.jpg,PTR-CORE-SAL-15,Saleghat,core_forest,SAFE,21.628275,79.179551,Camera Trap (Wildlife),,8.46,2023-11-04 18:16:18,22.3,Dawn / Dusk
88,005138.jpg,PTR-CORE-CHB-24,Chorbahuli,core_forest,SAFE,21.680036,79.259203,Camera Trap (Wildlife),,8.03,2023-11-04 19:42:04,23.8,Night (IR Flash)
177,002868.jpg,PTR-CORE-WP-03,West Pench,core_forest,SAFE,21.68377,79.180856,Camera Trap (Wildlife),,6.62,2023-11-04 21:03:56,8.8,Night (IR Flash)
100,002584.jpg,PTR-CORE-EP-21,East Pench,core_forest,SAFE,21.67001,79.293014,Camera Trap (Wildlife),,8.45,2023-11-04 22:18:52,9.0,Night (IR Flash)
154,000212.jpg,PTR-CORE-WP-17,West Pench,core_forest,SAFE,21.688043,79.163561,Camera Trap (Wildlife),,5.57,2023-11-05 01:25:54,11.5,Night (IR Flash)
72,000153.jpg,PTR-CORE-WP-15,West Pench,core_forest,SAFE,21.711352,79.186915,Camera Trap (Wildlife),,4.26,2023-11-05 01:58:11,12.0,Night (IR Flash)
100,005085.jpg,PTR-CORE-EP-25,East Pench,core_forest,SAFE,21.663912,79.315256,Camera Trap (Wildlife),,7.96,2023-11-05 02:02:22,9.6,Night (IR Flash)
168,000597.jpg,PTR-CORE-EP-16,East Pench,core_forest,SAFE,21.681135,79.340593,Camera Trap (Wildlife),,4.79,2023-11-05 03:31:32,9.0,Night (IR Flash)
88,003988.jpg,PTR-CORE-DEV-09,Devalapar,core_forest,SAFE,21.733031,79.233415,Camera Trap (Wildlife),,2.98,2023-11-05 10:57:58,18.2,Daylight
55,002628.jpg,PTR-CORE-DEV-24,Devalapar,core_forest,SAFE,21.722102,79.246942,Camera Trap (Wildlife),,3.53,2023-11-05 14:23:48,21.3,Daylight
66,002481.jpg,PTR-CORE-EP-21,East Pench,core_forest,SAFE,21.670463,79.293136,Camera Trap (Wildlife),,8.45,2023-11-05 17:30:50,22.6,Dawn / Dusk
253,004237.jpg,PTR-CORE-WP-20,West Pench,core_forest,SAFE,21.689361,79.1595,Camera Trap (Wildlife),,5.12,2023-11-05 17:32:41,21.0,Dawn / Dusk
160,000372.jpg,PTR-CORE-SAL-02,Saleghat,core_forest,SAFE,21.590841,79.19671,Camera Trap (Wildlife),,5.87,2023-11-05 20:24:48,11.3,Night (IR Flash)
25,000590.jpg,PTR-BUF-PAO-28,Paoni Buffer,buffer,CAUTION,21.558998,79.238893,Camera Trap (Wildlife),,5.82,2023-11-05 23:45:28,8.6,Night (IR Flash)
91,003694.jpg,PTR-CORE-CHB-23,Chorbahuli,core_forest,SAFE,21.623929,79.238594,Camera Trap (Wildlife),,11.54,2023-11-06 00:27:43,9.6,Night (IR Flash)
160,004195.jpg,PTR-CORE-CHB-23,Chorbahuli,core_forest,SAFE,21.624237,79.238674,Camera Trap (Wildlife),,11.54,2023-11-06 02:12:06,10.7,Night (IR Flash)
265,001455.jpg,PTR-CORE-EP-16,East Pench,core_forest,SAFE,21.681053,79.341068,Camera Trap (Wildlife),,4.79,2023-11-06 03:57:03,8.2,Night (IR Flash)
259,000436.jpg,PTR-CORE-WP-07,West Pench,core_forest,SAFE,21.719879,79.144605,Camera Trap (Wildlife),,1.89,2023-11-06 04:24:53,9.8,Night (IR Flash)
267,004729.jpg,PTR-CORE-EP-02,East Pench,core_forest,SAFE,21.627489,79.305173,Camera Trap (Wildlife),,8.35,2023-11-06 05:26:27,10.0,Night (IR Flash)
160,004177.jpg,PTR-CORE-SAL-05,Saleghat,core_forest,SAFE,21.627759,79.201048,Camera Trap (Wildlife),,9.35,2023-11-06 07:15:31,23.6,Dawn / Dusk
237,001535.jpg,PTR-COR-NH44-14,NH-44 Corridor,buffer,CAUTION,21.621856,79.269633,CCTV / Solar Camera,,11.86,2023-11-06 19:24:35,21.1,Dawn / Dusk
55,000129.jpg,PTR-CORE-DEV-17,Devalapar,core_forest,SAFE,21.690318,79.218259,Camera Trap (Wildlife),,7.55,2023-11-07 04:23:58,10.8,Night (IR Flash)
226,000296.jpg,PTR-CORE-CHB-20,Chorbahuli,core_forest,SAFE,21.628457,79.272645,Camera Trap (Wildlife),,11.75,2023-11-07 05:33:23,11.9,Night (IR Flash)
238,004087.jpg,PTR-CORE-CHB-05,Chorbahuli,core_forest,SAFE,21.645371,79.230339,Camera Trap (Wildlife),,12.25,2023-11-07 10:06:14,23.9,Daylight
244,004630.jpg,PTR-CORE-WP-19,West Pench,core_forest,SAFE,21.673098,79.171543,Camera Trap (Wildlife),,6.88,2023-11-07 17:51:24,19.6,Dawn / Dusk
78,004725.jpg,PTR-CORE-SAL-10,Saleghat,core_forest,SAFE,21.578163,79.192465,Camera Trap (Wildlife),,4.63,2023-11-07 21:01:40,7.3,Night (IR Flash)
136,001523.jpg,PTR-CORE-CHB-20,Chorbahuli,core_forest,SAFE,21.62826,79.272793,Camera Trap (Wildlife),,11.75,2023-11-07 22:53:11,7.7,Night (IR Flash)
256,000300.jpg,PTR-CORE-SAL-09,Saleghat,core_forest,SAFE,21.586979,79.204043,Camera Trap (Wildlife),,6.15,2023-11-08 01:03:19,8.9,Night (IR Flash)
145,001874.jpg,PTR-CORE-EP-21,East Pench,core_forest,SAFE,21.670401,79.29295,Camera Trap (Wildlife),,8.45,2023-11-08 02:29:15,8.6,Night (IR Flash)
265,000424.jpg,PTR-CORE-EP-17,East Pench,core_forest,SAFE,21.654043,79.358295,Camera Trap (Wildlife),,3.82,2023-11-08 05:38:42,7.7,Night (IR Flash)
259,003331.jpg,PTR-CORE-WP-12,West Pench,core_forest,SAFE,21.716032,79.153681,Camera Trap (Wildlife),,2.69,2023-11-08 06:30:48,10.9,Dawn / Dusk
51,004282.jpg,PTR-CORE-DEV-14,Devalapar,core_forest,SAFE,21.716793,79.269276,Camera Trap (Wildlife),,3.97,2023-11-08 08:49:26,18.5,Daylight
153,000907.jpg,PTR-CORE-WP-15,West Pench,core_forest,SAFE,21.710581,79.186757,Camera Trap (Wildlife),,4.26,2023-11-08 13:11:14,18.7,Daylight
175,002120.jpg,PTR-CORE-EP-09,East Pench,core_forest,SAFE,21.622304,79.331681,Camera Trap (Wildlife),,5.65,2023-11-09 00:42:47,7.4,Night (IR Flash)
151,003103.jpg,PTR-CORE-WP-08,West Pench,core_forest,SAFE,21.677115,79.186981,Camera Trap (Wildlife),,7.55,2023-11-09 01:31:19,8.6,Night (IR Flash)
153,002651.jpg,PTR-BUF-NAG-12,Nagalwadi Buffer,buffer,CAUTION,21.556375,79.259138,CCTV / Solar Camera,,6.51,2023-11-09 03:49:45,7.7,Night (IR Flash)
172,001065.jpg,PTR-CORE-SAL-18,Saleghat,core_forest,SAFE,21.595126,79.195687,Camera Trap (Wildlife),,6.16,2023-11-09 04:11:14,11.7,Night (IR Flash)
246,001579.jpg,PTR-CORE-SAL-04,Saleghat,core_forest,SAFE,21.629632,79.194762,Camera Trap (Wildlife),,9.29,2023-11-09 05:40:27,9.2,Night (IR Flash)
153,004239.jpg,PTR-CORE-DEV-12,Devalapar,core_forest,SAFE,21.699951,79.229354,Camera Trap (Wildlife),,6.6,2023-11-09 07:36:48,21.4,Dawn / Dusk
57,004794.jpg,PTR-CORE-DEV-18,Devalapar,core_forest,SAFE,21.691463,79.25313,Camera Trap (Wildlife),,6.81,2023-11-09 12:09:16,20.7,Daylight
45,003925.jpg,PTR-CORE-CHB-10,Chorbahuli,core_forest,SAFE,21.664841,79.252133,Camera Trap (Wildlife),,9.75,2023-11-09 16:13:28,22.2,Daylight
172,005065.jpg,PTR-CORE-SAL-18,Saleghat,core_forest,SAFE,21.59479,79.196358,Camera Trap (Wildlife),,6.16,2023-11-09 16:54:49,23.8,Daylight
172,004001.jpg,PTR-CORE-SAL-01,Saleghat,core_forest,SAFE,21.577966,79.19991,Camera Trap (Wildlife),,5.3,2023-11-09 17:40:03,22.8,Dawn / Dusk
160,003926.jpg,PTR-CORE-SAL-05,Saleghat,core_forest,SAFE,21.628316,79.200566,Camera Trap (Wildlife),,9.35,2023-11-09 20:36:36,11.8,Night (IR Flash)
202,002168.jpg,PTR-CORE-DEV-22,Devalapar,core_forest,SAFE,21.738199,79.266749,Camera Trap (Wildlife),,1.66,2023-11-09 21:29:02,10.0,Night (IR Flash)
100,000723.jpg,PTR-CORE-CHB-07,Chorbahuli,core_forest,SAFE,21.630583,79.258043,Camera Trap (Wildlife),,13.21,2023-11-09 21:57:10,10.3,Night (IR Flash)
175,002703.jpg,PTR-CORE-EP-28,East Pench,core_forest,SAFE,21.664774,79.332177,Camera Trap (Wildlife),,6.35,2023-11-09 22:22:20,8.5,Night (IR Flash)
25,002771.jpg,PTR-VIL-JUN-02,Junona Edge,village_edge,CRITICAL,21.570151,79.364062,PTZ / AI Camera,Junona,0.45,2023-11-09 22:24:39,10.3,Night (IR Flash)
82,003089.jpg,PTR-CORE-CHB-21,Chorbahuli,core_forest,SAFE,21.639239,79.232697,Camera Trap (Wildlife),,12.34,2023-11-09 22:30:42,7.1,Night (IR Flash)
171,000053.jpg,PTR-CORE-SAL-18,Saleghat,core_forest,SAFE,21.595361,79.196541,Camera Trap (Wildlife),,6.16,2023-11-10 03:20:12,7.8,Night (IR Flash)
153,003386.jpg,PTR-CORE-CHB-04,Chorbahuli,core_forest,SAFE,21.671038,79.23532,Camera Trap (Wildlife),,9.3,2023-11-10 03:38:35,10.3,Night (IR Flash)
0,004759.jpg,PTR-CORE-EP-06,East Pench,core_forest,SAFE,21.6221,79.325746,Camera Trap (Wildlife),,6.24,2023-11-10 04:57:45,11.2,Night (IR Flash)
160,000311.jpg,PTR-CORE-WP-09,West Pench,core_forest,SAFE,21.675377,79.149326,Camera Trap (Wildlife),,4.59,2023-11-10 06:33:18,11.9,Dawn / Dusk
160,001694.jpg,PTR-CORE-SAL-16,Saleghat,core_forest,SAFE,21.598377,79.190169,Camera Trap (Wildlife),,5.97,2023-11-10 09:02:39,18.0,Daylight
42,003514.jpg,PTR-CORE-SAL-05,Saleghat,core_forest,SAFE,21.627726,79.200556,Camera Trap (Wildlife),,9.35,2023-11-10 09:32:04,22.3,Daylight
153,000678.jpg,PTR-VIL-JUN-01,Junona Edge,village_edge,CRITICAL,21.571381,79.359858,PTZ / AI Camera,Junona,0.7,2023-11-10 18:20:43,21.1,Dawn / Dusk
160,002425.jpg,PTR-CORE-SAL-15,Saleghat,core_forest,SAFE,21.627469,79.180191,Camera Trap (Wildlife),,8.46,2023-11-11 00:25:34,11.5,Night (IR Flash)
136,003677.jpg,PTR-CORE-CHB-17,Chorbahuli,core_forest,SAFE,21.614944,79.265505,Camera Trap (Wildlife),,11.52,2023-11-11 02:29:23,11.7,Night (IR Flash)
160,003968.jpg,PTR-CORE-CHB-18,Chorbahuli,core_forest,SAFE,21.663978,79.228097,Camera Trap (Wildlife),,10.36,2023-11-11 09:41:54,19.0,Daylight
259,001027.jpg,PTR-CORE-SAL-04,Saleghat,core_forest,SAFE,21.62964,79.195493,Camera Trap (Wildlife),,9.29,2023-11-11 12:35:17,18.5,Daylight
271,001214.jpg,PTR-CORE-EP-05,East Pench,core_forest,SAFE,21.64218,79.292408,Camera Trap (Wildlife),,10.14,2023-11-11 16:34:51,19.2,Daylight
130,002610.jpg,PTR-CORE-WP-09,West Pench,core_forest,SAFE,21.674812,79.148992,Camera Trap (Wildlife),,4.59,2023-11-11 18:22:04,20.0,Dawn / Dusk
244,001483.jpg,PTR-CORE-SAL-15,Saleghat,core_forest,SAFE,21.627704,79.179785,Camera Trap (Wildlife),,8.46,2023-11-11 18:50:44,20.1,Dawn / Dusk
237,000462.jpg,PTR-CORE-CHB-13,Chorbahuli,core_forest,SAFE,21.671911,79.269943,Camera Trap (Wildlife),,8.99,2023-11-11 20:19:57,9.1,Night (IR Flash)
250,002589.jpg,PTR-CORE-DEV-02,Devalapar,core_forest,SAFE,21.694175,79.237301,Camera Trap (Wildlife),,6.83,2023-11-11 23:01:14,8.8,Night (IR Flash)
136,001602.jpg,PTR-CORE-CHB-08,Chorbahuli,core_forest,SAFE,21.652712,79.229392,Camera Trap (Wildlife),,11.48,2023-11-12 00:53:39,8.3,Night (IR Flash)
247,001702.jpg,PTR-CORE-SAL-03,Saleghat,core_forest,SAFE,21.598709,79.148001,Camera Trap (Wildlife),,4.68,2023-11-12 03:31:38,7.9,Night (IR Flash)
148,003638.jpg,PTR-CORE-EP-19,East Pench,core_forest,SAFE,21.682724,79.33369,Camera Trap (Wildlife),,5.49,2023-11-12 03:41:15,11.1,Night (IR Flash)
250,002113.jpg,PTR-CORE-WP-08,West Pench,core_forest,SAFE,21.677133,79.186609,Camera Trap (Wildlife),,7.55,2023-11-12 04:16:34,10.9,Night (IR Flash)
217,002612.jpg,PTR-CORE-WP-15,West Pench,core_forest,SAFE,21.71083,79.186697,Camera Trap (Wildlife),,4.26,2023-11-12 06:52:13,11.0,Dawn / Dusk
54,005062.jpg,PTR-CORE-CHB-23,Chorbahuli,core_forest,SAFE,21.624153,79.238233,Camera Trap (Wildlife),,11.54,2023-11-12 12:17:40,18.3,Daylight
136,003483.jpg,PTR-CORE-CHB-12,Chorbahuli,core_forest,SAFE,21.611592,79.275312,Camera Trap (Wildlife),,10.62,2023-11-12 21:30:54,8.6,Night (IR Flash)
223,002174.jpg,PTR-CORE-DEV-04,Devalapar,core_forest,SAFE,21.715632,79.256567,Camera Trap (Wildlife),,4.06,2023-11-12 22:26:19,8.2,Night (IR Flash)
243,004397.jpg,PTR-CORE-CHB-06,Chorbahuli,core_forest,SAFE,21.673563,79.271739,Camera Trap (Wildlife),,8.76,2023-11-12 22:26:42,8.0,Night (IR Flash)
40,002455.jpg,PTR-CORE-SAL-08,Saleghat,core_forest,SAFE,21.588132,79.148947,Camera Trap (Wildlife),,3.73,2023-11-12 23:42:21,7.2,Night (IR Flash)
273,003700.jpg,PTR-CORE-DEV-06,Devalapar,core_forest,SAFE,21.697923,79.21677,Camera Trap (Wildlife),,6.71,2023-11-13 01:12:00,8.6,Night (IR Flash)
3,003317.jpg,PTR-CORE-SAL-07,Saleghat,core_forest,SAFE,21.59377,79.158014,Camera Trap (Wildlife),,4.34,2023-11-13 02:13:48,7.3,Night (IR Flash)
67,004183.jpg,PTR-CORE-SAL-13,Saleghat,core_forest,SAFE,21.59909,79.187792,Camera Trap (Wildlife),,5.95,2023-11-13 04:55:06,10.2,Night (IR Flash)
136,004857.jpg,PTR-CORE-EP-15,East Pench,core_forest,SAFE,21.684736,79.33265,Camera Trap (Wildlife),,5.55,2023-11-13 05:05:41,8.7,Night (IR Flash)
171,002757.jpg,PTR-CORE-CHB-02,Chorbahuli,core_forest,SAFE,21.618228,79.246061,Camera Trap (Wildlife),,11.69,2023-11-13 23:02:00,11.0,Night (IR Flash)
264,000083.jpg,PTR-CORE-WP-19,West Pench,core_forest,SAFE,21.673279,79.17187,Camera Trap (Wildlife),,6.88,2023-11-13 23:24:11,7.9,Night (IR Flash)
91,002306.jpg,PTR-CORE-CHB-06,Chorbahuli,core_forest,SAFE,21.673674,79.272559,Camera Trap (Wildlife),,8.76,2023-11-14 00:01:14,7.9,Night (IR Flash)
42,001184.jpg,PTR-CORE-CHB-19,Chorbahuli,core_forest,SAFE,21.64374,79.253115,Camera Trap (Wildlife),,12.09,2023-11-14 03:41:21,9.0,Night (IR Flash)
195,000287.jpg,PTR-CORE-SAL-07,Saleghat,core_forest,SAFE,21.593588,79.157773,Camera Trap (Wildlife),,4.34,2023-11-14 05:03:23,10.5,Night (IR Flash)
24,001294.jpg,PTR-CORE-EP-09,East Pench,core_forest,SAFE,21.622125,79.331472,Camera Trap (Wildlife),,5.65,2023-11-14 05:54:16,7.6,Night (IR Flash)
100,002023.jpg,PTR-CORE-CHB-01,Chorbahuli,core_forest,SAFE,21.629086,79.258059,Camera Trap (Wildlife),,13.16,2023-11-14 07:13:18,20.8,Dawn / Dusk
240,004953.jpg,PTR-CORE-SAL-12,Saleghat,core_forest,SAFE,21.62678,79.205009,Camera Trap (Wildlife),,9.49,2023-11-14 20:17:06,9.3,Night (IR Flash)
243,004535.jpg,PTR-CORE-EP-12,East Pench,core_forest,SAFE,21.634256,79.300993,Camera Trap (Wildlife),,9.0,2023-11-14 20:28:47,9.1,Night (IR Flash)
264,002950.jpg,PTR-CORE-SAL-05,Saleghat,core_forest,SAFE,21.627975,79.200258,Camera Trap (Wildlife),,9.35,2023-11-14 21:45:28,7.2,Night (IR Flash)
114,004031.jpg,PTR-CORE-EP-08,East Pench,core_forest,SAFE,21.665389,79.327911,Camera Trap (Wildlife),,6.74,2023-11-15 06:59:26,11.0,Dawn / Dusk
34,000385.jpg,PTR-CORE-DEV-11,Devalapar,core_forest,SAFE,21.735135,79.242823,Camera Trap (Wildlife),,2.58,2023-11-15 10:49:02,18.2,Daylight
82,005106.jpg,PTR-CORE-EP-05,East Pench,core_forest,SAFE,21.642403,79.29193,Camera Trap (Wildlife),,10.14,2023-11-15 18:38:56,20.8,Dawn / Dusk
69,000144.jpg,PTR-CORE-CHB-19,Chorbahuli,core_forest,SAFE,21.643377,79.253306,Camera Trap (Wildlife),,12.09,2023-11-15 22:23:24,10.0,Night (IR Flash)
115,002750.jpg,PTR-CORE-DEV-22,Devalapar,core_forest,SAFE,21.737953,79.266842,Camera Trap (Wildlife),,1.66,2023-11-16 01:45:28,9.6,Night (IR Flash)
97,000127.jpg,PTR-CORE-WP-03,West Pench,core_forest,SAFE,21.68401,79.181568,Camera Trap (Wildlife),,6.62,2023-11-16 04:23:00,8.9,Night (IR Flash)
172,004576.jpg,PTR-CORE-SAL-17,Saleghat,core_forest,SAFE,21.563555,79.179756,Camera Trap (Wildlife),,2.77,2023-11-16 04:43:32,8.3,Night (IR Flash)
66,004186.jpg,PTR-BUF-PAO-06,Paoni Buffer,buffer,CAUTION,21.561097,79.190946,CCTV / Solar Camera,,3.81,2023-11-16 05:13:29,7.9,Night (IR Flash)
97,004893.jpg,PTR-CORE-WP-01,West Pench,core_forest,SAFE,21.690487,79.176397,Camera Trap (Wildlife),,5.73,2023-11-16 07:34:02,20.5,Dawn / Dusk
94,003730.jpg,PTR-CORE-WP-17,West Pench,core_forest,SAFE,21.688242,79.163477,Camera Trap (Wildlife),,5.57,2023-11-16 18:10:04,20.1,Dawn / Dusk
250,001892.jpg,PTR-CORE-WP-05,West Pench,core_forest,SAFE,21.664689,79.183898,Camera Trap (Wildlife),,8.32,2023-11-16 19:36:44,22.7,Dawn / Dusk
108,002679.jpg,PTR-CORE-CHB-13,Chorbahuli,core_forest,SAFE,21.671729,79.270297,Camera Trap (Wildlife),,8.99,2023-11-16 22:21:18,10.4,Night (IR Flash)
265,003714.jpg,PTR-CORE-EP-11,East Pench,core_forest,SAFE,21.680184,79.338424,Camera Trap (Wildlife),,5.01,2023-11-16 22:32:02,10.0,Night (IR Flash)
249,000774.jpg,PTR-CORE-WP-08,West Pench,core_forest,SAFE,21.676333,79.186373,Camera Trap (Wildlife),,7.55,2023-11-17 03:09:46,10.7,Night (IR Flash)
154,003286.jpg,PTR-CORE-DEV-07,Devalapar,core_forest,SAFE,21.702611,79.230574,Camera Trap (Wildlife),,6.27,2023-11-17 04:15:30,9.6,Night (IR Flash)
171,001120.jpg,PTR-CORE-CHB-03,Chorbahuli,core_forest,SAFE,21.641415,79.277202,Camera Trap (Wildlife),,11.58,2023-11-17 05:27:25,7.9,Dawn / Dusk
82,000688.jpg,PTR-CORE-EP-05,East Pench,core_forest,SAFE,21.64228,79.292162,Camera Trap (Wildlife),,10.14,2023-11-17 11:13:52,20.4,Daylight
151,002014.jpg,PTR-CORE-CHB-08,Chorbahuli,core_forest,SAFE,21.652856,79.229384,Camera Trap (Wildlife),,11.48,2023-11-17 12:36:16,23.7,Daylight
256,003523.jpg,PTR-CORE-EP-04,East Pench,core_forest,SAFE,21.68968,79.296225,Camera Trap (Wildlife),,6.36,2023-11-17 22:30:06,10.4,Night (IR Flash)
168,004047.jpg,PTR-CORE-EP-13,East Pench,core_forest,SAFE,21.695539,79.313631,Camera Trap (Wildlife),,5.48,2023-11-17 23:50:30,11.8,Night (IR Flash)
202,000684.jpg,PTR-CORE-DEV-11,Devalapar,core_forest,SAFE,21.734874,79.24303,Camera Trap (Wildlife),,2.58,2023-11-18 04:53:04,11.6,Night (IR Flash)
136,004140.jpg,PTR-CORE-DEV-15,Devalapar,core_forest,SAFE,21.706978,79.228401,Camera Trap (Wildlife),,5.82,2023-11-18 04:58:37,9.8,Night (IR Flash)
109,003329.jpg,PTR-CORE-SAL-13,Saleghat,core_forest,SAFE,21.599371,79.188005,Camera Trap (Wildlife),,5.95,2023-11-18 11:21:13,22.4,Daylight
211,001611.jpg,PTR-CORE-WP-20,West Pench,core_forest,SAFE,21.689949,79.159954,Camera Trap (Wildlife),,5.12,2023-11-18 13:11:17,19.5,Daylight
145,004349.jpg,PTR-CORE-EP-10,East Pench,core_forest,SAFE,21.680889,79.29084,Camera Trap (Wildlife),,7.39,2023-11-18 13:54:23,23.4,Daylight
243,003209.jpg,PTR-CORE-EP-07,East Pench,core_forest,SAFE,21.602561,79.304402,Camera Trap (Wildlife),,7.71,2023-11-18 19:29:16,19.8,Night (IR Flash)
142,003661.jpg,PTR-CORE-WP-13,West Pench,core_forest,SAFE,21.66683,79.169753,Camera Trap (Wildlife),,6.87,2023-11-19 00:32:00,10.3,Night (IR Flash)
60,000829.jpg,PTR-CORE-EP-10,East Pench,core_forest,SAFE,21.681241,79.29094,Camera Trap (Wildlife),,7.39,2023-11-19 02:57:30,10.8,Night (IR Flash)
216,004011.jpg,PTR-VIL-KAR-01,Karegaon Edge,village_edge,CRITICAL,21.76079,79.275121,PTZ / AI Camera,Karegaon,0.47,2023-11-19 03:28:45,11.3,Night (IR Flash)
81,002093.jpg,PTR-CORE-DEV-14,Devalapar,core_forest,SAFE,21.71718,79.268559,Camera Trap (Wildlife),,3.97,2023-11-19 05:46:58,8.4,Night (IR Flash)
100,003303.jpg,PTR-CORE-CHB-10,Chorbahuli,core_forest,SAFE,21.664579,79.251973,Camera Trap (Wildlife),,9.75,2023-11-19 06:13:17,7.2,Dawn / Dusk
244,003870.jpg,PTR-CORE-WP-17,West Pench,core_forest,SAFE,21.68814,79.163845,Camera Trap (Wildlife),,5.57,2023-11-19 10:20:36,20.4,Daylight
175,001243.jpg,PTR-CORE-EP-17,East Pench,core_forest,SAFE,21.653817,79.358416,Camera Trap (Wildlife),,3.82,2023-11-19 19:55:52,20.9,Night (IR Flash)
153,002200.jpg,PTR-CORE-WP-11,West Pench,core_forest,SAFE,21.692714,79.195366,Camera Trap (Wildlife),,6.33,2023-11-20 01:01:44,9.0,Night (IR Flash)
100,004643.jpg,PTR-BUF-NAG-15,Nagalwadi Buffer,buffer,CAUTION,21.545478,79.275403,Camera Trap (Wildlife),,4.66,2023-11-20 01:24:56,10.4,Night (IR Flash)
187,000609.jpg,PTR-BUF-PAO-13,Paoni Buffer,buffer,CAUTION,21.534345,79.218611,CCTV / Solar Camera,,2.68,2023-11-20 02:15:00,10.1,Night (IR Flash)
3,001234.jpg,PTR-CORE-SAL-03,Saleghat,core_forest,SAFE,21.598883,79.147541,Camera Trap (Wildlife),,4.68,2023-11-20 03:07:26,9.6,Night (IR Flash)
13,000340.jpg,PTR-CORE-CHB-17,Chorbahuli,core_forest,SAFE,21.615078,79.26573,Camera Trap (Wildlife),,11.52,2023-11-20 03:42:19,11.0,Night (IR Flash)
153,002728.jpg,PTR-CORE-WP-13,West Pench,core_forest,SAFE,21.666519,79.170046,Camera Trap (Wildlife),,6.87,2023-11-20 15:21:51,18.6,Daylight
66,003989.jpg,PTR-CORE-EP-11,East Pench,core_forest,SAFE,21.680342,79.339215,Camera Trap (Wildlife),,5.01,2023-11-20 19:15:53,22.7,Night (IR Flash)
268,003273.jpg,PTR-CORE-EP-20,East Pench,core_forest,SAFE,21.685756,79.329958,Camera Trap (Wildlife),,5.71,2023-11-20 20:23:59,7.4,Night (IR Flash)
136,002323.jpg,PTR-CORE-CHB-06,Chorbahuli,core_forest,SAFE,21.674147,79.27227,Camera Trap (Wildlife),,8.76,2023-11-20 20:36:14,10.8,Night (IR Flash)
255,004217.jpg,PTR-CORE-EP-21,East Pench,core_forest,SAFE,21.670404,79.293478,Camera Trap (Wildlife),,8.45,2023-11-20 22:09:59,8.4,Night (IR Flash)
76,003931.jpg,PTR-CORE-DEV-17,Devalapar,core_forest,SAFE,21.689785,79.217512,Camera Trap (Wildlife),,7.55,2023-11-20 23:26:01,11.9,Night (IR Flash)
252,001312.jpg,PTR-CORE-CHB-07,Chorbahuli,core_forest,SAFE,21.630705,79.258306,Camera Trap (Wildlife),,13.21,2023-11-20 23:32:39,8.1,Night (IR Flash)
132,002668.jpg,PTR-CORE-EP-13,East Pench,core_forest,SAFE,21.696137,79.313325,Camera Trap (Wildlife),,5.48,2023-11-21 00:48:37,9.4,Night (IR Flash)
66,002336.jpg,PTR-CORE-EP-22,East Pench,core_forest,SAFE,21.62273,79.310015,Camera Trap (Wildlife),,7.79,2023-11-21 04:35:20,7.2,Night (IR Flash)
40,002601.jpg,PTR-CORE-SAL-08,Saleghat,core_forest,SAFE,21.588546,79.148185,Camera Trap (Wildlife),,3.73,2023-11-21 07:36:47,20.8,Dawn / Dusk
153,004263.jpg,PTR-BUF-N-13,North Buffer,buffer,CAUTION,21.75768,79.282887,Camera Trap (Wildlife),,0.88,2023-11-21 11:04:16,22.2,Daylight
249,004076.jpg,PTR-CORE-WP-03,West Pench,core_forest,SAFE,21.683726,79.181252,Camera Trap (Wildlife),,6.62,2023-11-21 12:58:33,21.7,Daylight
271,000516.jpg,PTR-CORE-WP-03,West Pench,core_forest,SAFE,21.683444,79.180698,Camera Trap (Wildlife),,6.62,2023-11-21 17:50:23,22.7,Dawn / Dusk
115,000298.jpg,PTR-CORE-DEV-23,Devalapar,core_forest,SAFE,21.685146,79.258156,Camera Trap (Wildlife),,7.37,2023-11-21 18:03:40,19.2,Dawn / Dusk
246,001064.jpg,PTR-CORE-SAL-05,Saleghat,core_forest,SAFE,21.628184,79.20013,Camera Trap (Wildlife),,9.35,2023-11-21 18:21:52,23.8,Dawn / Dusk
208,001958.jpg,PTR-CORE-SAL-16,Saleghat,core_forest,SAFE,21.597876,79.190204,Camera Trap (Wildlife),,5.97,2023-11-21 19:24:07,19.3,Night (IR Flash)
181,003681.jpg,PTR-CORE-EP-25,East Pench,core_forest,SAFE,21.663522,79.31567,Camera Trap (Wildlife),,7.96,2023-11-21 19:47:46,18.8,Night (IR Flash)
261,000447.jpg,PTR-CORE-SAL-16,Saleghat,core_forest,SAFE,21.597881,79.190071,Camera Trap (Wildlife),,5.97,2023-11-21 22:56:27,11.2,Night (IR Flash)
264,002797.jpg,PTR-CORE-WP-13,West Pench,core_forest,SAFE,21.666475,79.170627,Camera Trap (Wildlife),,6.87,2023-11-22 05:37:05,11.6,Night (IR Flash)
247,003738.jpg,PTR-CORE-SAL-07,Saleghat,core_forest,SAFE,21.593677,79.158226,Camera Trap (Wildlife),,4.34,2023-11-22 05:57:05,8.7,Dawn / Dusk
250,002028.jpg,PTR-CORE-WP-03,West Pench,core_forest,SAFE,21.683843,79.181599,Camera Trap (Wildlife),,6.62,2023-11-22 09:11:08,21.7,Daylight
151,001573.jpg,PTR-CORE-CHB-04,Chorbahuli,core_forest,SAFE,21.671708,79.235598,Camera Trap (Wildlife),,9.3,2023-11-22 16:16:46,18.8,Daylight
30,002924.jpg,PTR-CORE-SAL-06,Saleghat,core_forest,SAFE,21.61976,79.155361,Camera Trap (Wildlife),,5.87,2023-11-22 17:21:01,18.8,Dawn / Dusk
129,001720.jpg,PTR-CORE-WP-19,West Pench,core_forest,SAFE,21.673355,79.171396,Camera Trap (Wildlife),,6.88,2023-11-22 20:50:47,12.0,Night (IR Flash)
222,001547.jpg,PTR-CORE-SAL-09,Saleghat,core_forest,SAFE,21.586621,79.203703,Camera Trap (Wildlife),,6.15,2023-11-22 21:13:55,7.3,Night (IR Flash)
216,003654.jpg,PTR-CORE-DEV-23,Devalapar,core_forest,SAFE,21.685608,79.258234,Camera Trap (Wildlife),,7.37,2023-11-22 21:38:42,9.1,Night (IR Flash)
6,000135.jpg,PTR-CORE-CHB-19,Chorbahuli,core_forest,SAFE,21.643061,79.253064,Camera Trap (Wildlife),,12.09,2023-11-22 23:26:50,10.6,Night (IR Flash)
154,000014.jpg,PTR-CORE-CHB-08,Chorbahuli,core_forest,SAFE,21.653087,79.229239,Camera Trap (Wildlife),,11.48,2023-11-23 00:44:43,9.0,Night (IR Flash)
117,000680.jpg,PTR-CORE-CHB-02,Chorbahuli,core_forest,SAFE,21.617687,79.245709,Camera Trap (Wildlife),,11.69,2023-11-23 03:17:33,11.3,Night (IR Flash)
261,001436.jpg,PTR-CORE-EP-12,East Pench,core_forest,SAFE,21.633873,79.300432,Camera Trap (Wildlife),,9.0,2023-11-23 04:07:52,10.1,Night (IR Flash)
55,001681.jpg,PTR-CORE-DEV-14,Devalapar,core_forest,SAFE,21.717584,79.268473,Camera Trap (Wildlife),,3.97,2023-11-23 05:05:41,11.9,Dawn / Dusk
145,003149.jpg,PTR-CORE-EP-01,East Pench,core_forest,SAFE,21.663784,79.29216,Camera Trap (Wildlife),,9.19,2023-11-23 08:46:00,22.4,Daylight
72,003635.jpg,PTR-CORE-EP-23,East Pench,core_forest,SAFE,21.608099,79.306362,Camera Trap (Wildlife),,7.73,2023-11-23 09:36:02,20.9,Daylight
78,003366.jpg,PTR-BUF-W-13,West Buffer,buffer,CAUTION,21.602721,79.143021,CCTV / Solar Camera,,4.36,2023-11-23 12:35:45,20.0,Daylight
268,004785.jpg,PTR-CORE-EP-25,East Pench,core_forest,SAFE,21.663503,79.315745,Camera Trap (Wildlife),,7.96,2023-11-23 15:42:50,23.1,Daylight
246,004363.jpg,PTR-CORE-SAL-16,Saleghat,core_forest,SAFE,21.598253,79.190362,Camera Trap (Wildlife),,5.97,2023-11-23 19:23:31,22.3,Night (IR Flash)
154,001305.jpg,PTR-CORE-SAL-04,Saleghat,core_forest,SAFE,21.629675,79.194944,Camera Trap (Wildlife),,9.29,2023-11-23 19:53:57,24.0,Dawn / Dusk
160,002341.jpg,PTR-CORE-SAL-05,Saleghat,core_forest,SAFE,21.627961,79.200742,Camera Trap (Wildlife),,9.35,2023-11-23 21:42:42,8.7,Night (IR Flash)
153,003800.jpg,PTR-CORE-SAL-16,Saleghat,core_forest,SAFE,21.598145,79.189413,Camera Trap (Wildlife),,5.97,2023-11-23 22:24:56,10.3,Night (IR Flash)
265,004176.jpg,PTR-CORE-EP-03,East Pench,core_forest,SAFE,21.67336,79.33771,Camera Trap (Wildlife),,5.45,2023-11-24 00:12:47,11.2,Night (IR Flash)
196,004404.jpg,PTR-CORE-CHB-14,Chorbahuli,core_forest,SAFE,21.631934,79.223509,Camera Trap (Wildlife),,11.04,2023-11-24 01:35:17,9.6,Night (IR Flash)
3,000303.jpg,PTR-CORE-SAL-04,Saleghat,core_forest,SAFE,21.629973,79.195492,Camera Trap (Wildlife),,9.29,2023-11-24 04:23:22,8.1,Night (IR Flash)
238,000323.jpg,PTR-CORE-SAL-07,Saleghat,core_forest,SAFE,21.593574,79.157525,Camera Trap (Wildlife),,4.34,2023-11-24 05:56:18,7.7,Night (IR Flash)
153,003343.jpg,PTR-CORE-DEV-12,Devalapar,core_forest,SAFE,21.699817,79.229539,Camera Trap (Wildlife),,6.6,2023-11-24 05:59:06,9.7,Night (IR Flash)
249,004611.jpg,PTR-CORE-SAL-12,Saleghat,core_forest,SAFE,21.62691,79.20442,Camera Trap (Wildlife),,9.49,2023-11-24 08:22:48,19.7,Daylight
45,003059.jpg,PTR-CORE-CHB-03,Chorbahuli,core_forest,SAFE,21.641454,79.277248,Camera Trap (Wildlife),,11.58,2023-11-24 16:52:11,18.6,Daylight
274,002411.jpg,PTR-CORE-WP-14,West Pench,core_forest,SAFE,21.689731,79.173048,Camera Trap (Wildlife),,5.74,2023-11-24 20:25:51,12.0,Night (IR Flash)
178,004471.jpg,PTR-BUF-W-09,West Buffer,buffer,CAUTION,21.623243,79.10707,CCTV / Solar Camera,,1.06,2023-11-24 21:51:22,9.7,Night (IR Flash)
124,004215.jpg,PTR-CORE-CHB-04,Chorbahuli,core_forest,SAFE,21.670841,79.235418,Camera Trap (Wildlife),,9.3,2023-11-24 22:16:13,9.7,Night (IR Flash)
220,003625.jpg,PTR-CORE-EP-04,East Pench,core_forest,SAFE,21.688968,79.296184,Camera Trap (Wildlife),,6.36,2023-11-24 22:39:07,11.5,Night (IR Flash)
168,002947.jpg,PTR-CORE-EP-26,East Pench,core_forest,SAFE,21.636684,79.304339,Camera Trap (Wildlife),,8.73,2023-11-25 01:14:15,9.7,Night (IR Flash)
30,000510.jpg,PTR-CORE-SAL-07,Saleghat,core_forest,SAFE,21.594114,79.157994,Camera Trap (Wildlife),,4.34,2023-11-25 02:16:17,8.4,Night (IR Flash)
154,004501.jpg,PTR-CORE-DEV-17,Devalapar,core_forest,SAFE,21.690397,79.217907,Camera Trap (Wildlife),,7.55,2023-11-25 02:21:03,9.2,Night (IR Flash)
85,002307.jpg,PTR-CORE-EP-25,East Pench,core_forest,SAFE,21.663374,79.315838,Camera Trap (Wildlife),,7.96,2023-11-25 03:00:00,10.4,Night (IR Flash)
136,002445.jpg,PTR-CORE-CHB-02,Chorbahuli,core_forest,SAFE,21.618025,79.246252,Camera Trap (Wildlife),,11.69,2023-11-25 04:03:10,10.3,Night (IR Flash)
255,001235.jpg,PTR-CORE-EP-01,East Pench,core_forest,SAFE,21.663606,79.291305,Camera Trap (Wildlife),,9.19,2023-11-25 10:10:46,22.5,Daylight
172,002432.jpg,PTR-CORE-SAL-02,Saleghat,core_forest,SAFE,21.591411,79.19702,Camera Trap (Wildlife),,5.87,2023-11-25 19:36:02,21.9,Night (IR Flash)
249,001503.jpg,PTR-CORE-WP-13,West Pench,core_forest,SAFE,21.66684,79.170043,Camera Trap (Wildlife),,6.87,2023-11-25 20:20:05,8.7,Night (IR Flash)
28,004000.jpg,PTR-CORE-CHB-17,Chorbahuli,core_forest,SAFE,21.614789,79.265192,Camera Trap (Wildlife),,11.52,2023-11-25 20:30:01,7.8,Night (IR Flash)
148,003143.jpg,PTR-CORE-EP-20,East Pench,core_forest,SAFE,21.685946,79.330887,Camera Trap (Wildlife),,5.71,2023-11-25 21:40:31,9.8,Night (IR Flash)
243,000173.jpg,PTR-CORE-EP-21,East Pench,core_forest,SAFE,21.670143,79.29273,Camera Trap (Wildlife),,8.45,2023-11-26 00:19:10,9.7,Night (IR Flash)
153,000737.jpg,PTR-CORE-DEV-03,Devalapar,core_forest,SAFE,21.739787,79.253448,Camera Trap (Wildlife),,1.55,2023-11-26 00:25:46,8.0,Night (IR Flash)
261,000752.jpg,PTR-CORE-CHB-17,Chorbahuli,core_forest,SAFE,21.614413,79.265252,Camera Trap (Wildlife),,11.52,2023-11-26 00:40:37,11.9,Night (IR Flash)
168,003971.jpg,PTR-CORE-EP-28,East Pench,core_forest,SAFE,21.664443,79.332741,Camera Trap (Wildlife),,6.35,2023-11-26 01:46:53,7.6,Night (IR Flash)
6,000789.jpg,PTR-CORE-SAL-18,Saleghat,core_forest,SAFE,21.595246,79.196112,Camera Trap (Wildlife),,6.16,2023-11-26 06:03:30,11.9,Dawn / Dusk
136,003831.jpg,PTR-CORE-CHB-01,Chorbahuli,core_forest,SAFE,21.628338,79.258953,Camera Trap (Wildlife),,13.16,2023-11-26 06:27:31,8.2,Dawn / Dusk
181,003287.jpg,PTR-BUF-N-15,North Buffer,buffer,CAUTION,21.73889,79.245255,Camera Trap (Wildlife),,2.1,2023-11-26 06:46:48,8.0,Dawn / Dusk
244,003284.jpg,PTR-CORE-WP-09,West Pench,core_forest,SAFE,21.675137,79.148998,Camera Trap (Wildlife),,4.59,2023-11-26 07:42:54,21.5,Dawn / Dusk
12,002064.jpg,PTR-CORE-EP-18,East Pench,core_forest,SAFE,21.637698,79.328884,Camera Trap (Wildlife),,6.48,2023-11-26 10:20:48,20.3,Daylight
54,000585.jpg,PTR-CORE-WP-09,West Pench,core_forest,SAFE,21.674933,79.149638,Camera Trap (Wildlife),,4.59,2023-11-26 12:38:19,19.0,Daylight
145,003327.jpg,PTR-CORE-CHB-19,Chorbahuli,core_forest,SAFE,21.643509,79.252872,Camera Trap (Wildlife),,12.09,2023-11-26 14:45:28,20.7,Daylight
208,002988.jpg,PTR-CORE-SAL-11,Saleghat,core_forest,SAFE,21.592238,79.170752,Camera Trap (Wildlife),,4.39,2023-11-26 19:22:29,23.5,Night (IR Flash)
253,005042.jpg,PTR-BUF-PAO-20,Paoni Buffer,buffer,CAUTION,21.537526,79.195072,Camera Trap (Wildlife),,2.58,2023-11-26 21:25:28,11.6,Night (IR Flash)
3,001414.jpg,PTR-CORE-SAL-07,Saleghat,core_forest,SAFE,21.593568,79.157529,Camera Trap (Wildlife),,4.34,2023-11-26 21:57:14,8.4,Night (IR Flash)
264,002883.jpg,PTR-CORE-WP-05,West Pench,core_forest,SAFE,21.664594,79.184203,Camera Trap (Wildlife),,8.32,2023-11-26 22:24:06,8.1,Night (IR Flash)
153,000860.jpg,PTR-CORE-DEV-19,Devalapar,core_forest,SAFE,21.728433,79.239856,Camera Trap (Wildlife),,3.3,2023-11-27 03:06:35,8.4,Night (IR Flash)
268,000033.jpg,PTR-CORE-CHB-12,Chorbahuli,core_forest,SAFE,21.611193,79.276018,Camera Trap (Wildlife),,10.62,2023-11-27 03:37:41,8.2,Night (IR Flash)
255,000500.jpg,PTR-CORE-EP-10,East Pench,core_forest,SAFE,21.680705,79.290136,Camera Trap (Wildlife),,7.39,2023-11-27 04:07:06,11.3,Night (IR Flash)
43,002621.jpg,PTR-CORE-WP-20,West Pench,core_forest,SAFE,21.690005,79.15992,Camera Trap (Wildlife),,5.12,2023-11-27 10:46:57,20.3,Daylight
261,003857.jpg,PTR-CORE-SAL-12,Saleghat,core_forest,SAFE,21.627318,79.204412,Camera Trap (Wildlife),,9.49,2023-11-27 18:00:13,21.5,Dawn / Dusk
201,000286.jpg,PTR-CORE-DEV-23,Devalapar,core_forest,SAFE,21.685336,79.258155,Camera Trap (Wildlife),,7.37,2023-11-27 21:14:26,7.7,Night (IR Flash)
160,002149.jpg,PTR-CORE-CHB-23,Chorbahuli,core_forest,SAFE,21.623804,79.239077,Camera Trap (Wildlife),,11.54,2023-11-27 21:36:25,7.7,Night (IR Flash)
136,000438.jpg,PTR-COR-NH44-07,NH-44 Corridor,buffer,CAUTION,21.650032,79.269011,CCTV / Solar Camera,,11.35,2023-11-27 22:40:01,11.0,Night (IR Flash)
264,004963.jpg,PTR-CORE-WP-19,West Pench,core_forest,SAFE,21.673144,79.171877,Camera Trap (Wildlife),,6.88,2023-11-27 23:11:46,8.7,Night (IR Flash)
267,004342.jpg,PTR-CORE-EP-23,East Pench,core_forest,SAFE,21.608016,79.306717,Camera Trap (Wildlife),,7.73,2023-11-28 05:07:20,7.2,Night (IR Flash)
175,003021.jpg,PTR-CORE-EP-25,East Pench,core_forest,SAFE,21.663668,79.315425,Camera Trap (Wildlife),,7.96,2023-11-28 05:19:27,9.1,Night (IR Flash)
115,005145.jpg,PTR-CORE-CHB-09,Chorbahuli,core_forest,SAFE,21.663086,79.252611,Camera Trap (Wildlife),,9.87,2023-11-28 07:52:09,19.6,Dawn / Dusk
117,004053.jpg,PTR-CORE-CHB-19,Chorbahuli,core_forest,SAFE,21.642785,79.253211,Camera Trap (Wildlife),,12.09,2023-11-28 08:11:51,19.7,Daylight
100,004207.jpg,PTR-CORE-DEV-03,Devalapar,core_forest,SAFE,21.739763,79.253655,Camera Trap (Wildlife),,1.55,2023-11-28 12:09:06,19.2,Daylight
256,001140.jpg,PTR-CORE-DEV-08,Devalapar,core_forest,SAFE,21.696369,79.271391,Camera Trap (Wildlife),,6.26,2023-11-28 12:49:37,21.2,Daylight
160,003826.jpg,PTR-CORE-WP-05,West Pench,core_forest,SAFE,21.66467,79.183929,Camera Trap (Wildlife),,8.32,2023-11-28 17:08:40,21.4,Dawn / Dusk
171,004837.jpg,PTR-CORE-CHB-07,Chorbahuli,core_forest,SAFE,21.630858,79.258489,Camera Trap (Wildlife),,13.21,2023-11-28 17:47:06,21.5,Dawn / Dusk
42,001565.jpg,PTR-BUF-PAO-05,Paoni Buffer,buffer,CAUTION,21.544357,79.208239,CCTV / Solar Camera,,3.34,2023-11-28 20:12:09,8.7,Night (IR Flash)
106,001368.jpg,PTR-CORE-DEV-15,Devalapar,core_forest,SAFE,21.707425,79.22859,Camera Trap (Wildlife),,5.82,2023-11-28 23:16:51,10.8,Night (IR Flash)
195,004289.jpg,PTR-CORE-CHB-22,Chorbahuli,core_forest,SAFE,21.647295,79.263355,Camera Trap (Wildlife),,11.58,2023-11-28 23:29:27,12.0,Night (IR Flash)
261,000832.jpg,PTR-CORE-DEV-23,Devalapar,core_forest,SAFE,21.685815,79.258385,Camera Trap (Wildlife),,7.37,2023-11-28 23:55:10,7.9,Night (IR Flash)
153,001323.jpg,PTR-CORE-DEV-08,Devalapar,core_forest,SAFE,21.696357,79.271813,Camera Trap (Wildlife),,6.26,2023-11-29 00:50:40,9.8,Night (IR Flash)
100,002065.jpg,PTR-CORE-DEV-05,Devalapar,core_forest,SAFE,21.731663,79.261302,Camera Trap (Wildlife),,2.3,2023-11-29 01:11:05,8.2,Night (IR Flash)
33,003798.jpg,PTR-CORE-DEV-02,Devalapar,core_forest,SAFE,21.693909,79.237288,Camera Trap (Wildlife),,6.83,2023-11-29 05:03:14,7.6,Dawn / Dusk
256,003462.jpg,PTR-CORE-WP-05,West Pench,core_forest,SAFE,21.664537,79.184054,Camera Trap (Wildlife),,8.32,2023-11-29 06:40:38,8.2,Dawn / Dusk
24,004302.jpg,PTR-CORE-EP-25,East Pench,core_forest,SAFE,21.66358,79.315817,Camera Trap (Wildlife),,7.96,2023-11-29 09:27:01,21.3,Daylight
249,003767.jpg,PTR-BUF-NAG-03,Nagalwadi Buffer,buffer,CAUTION,21.553516,79.252376,CCTV / Solar Camera,,5.84,2023-11-29 11:53:53,22.6,Daylight
160,001389.jpg,PTR-BUF-N-08,North Buffer,buffer,CAUTION,21.741525,79.198774,CCTV / Solar Camera,,2.47,2023-11-29 17:34:48,20.3,Dawn / Dusk
109,002472.jpg,PTR-CORE-SAL-14,Saleghat,core_forest,SAFE,21.571099,79.163002,Camera Trap (Wildlife),,1.93,2023-11-29 19:41:52,18.3,Night (IR Flash)
43,000611.jpg,PTR-CORE-WP-12,West Pench,core_forest,SAFE,21.717009,79.153808,Camera Trap (Wildlife),,2.69,2023-11-29 21:55:10,8.2,Night (IR Flash)
213,001074.jpg,PTR-CORE-DEV-18,Devalapar,core_forest,SAFE,21.690851,79.252195,Camera Trap (Wildlife),,6.81,2023-11-29 23:22:45,9.9,Night (IR Flash)
25,004765.jpg,PTR-CORE-EP-26,East Pench,core_forest,SAFE,21.637078,79.304922,Camera Trap (Wildlife),,8.73,2023-11-29 23:58:32,8.5,Night (IR Flash)
64,000826.jpg,PTR-CORE-CHB-13,Chorbahuli,core_forest,SAFE,21.671035,79.269887,Camera Trap (Wildlife),,8.99,2023-11-30 01:24:24,10.5,Night (IR Flash)
267,002302.jpg,PTR-CORE-EP-07,East Pench,core_forest,SAFE,21.60277,79.303425,Camera Trap (Wildlife),,7.71,2023-11-30 01:28:14,8.0,Night (IR Flash)
64,001593.jpg,PTR-CORE-DEV-15,Devalapar,core_forest,SAFE,21.706823,79.228366,Camera Trap (Wildlife),,5.82,2023-11-30 02:21:54,10.0,Night (IR Flash)
106,001552.jpg,PTR-BUF-N-15,North Buffer,buffer,CAUTION,21.739067,79.245342,Camera Trap (Wildlife),,2.1,2023-11-30 07:07:32,22.6,Dawn / Dusk
160,003039.jpg,PTR-CORE-WP-05,West Pench,core_forest,SAFE,21.664962,79.184216,Camera Trap (Wildlife),,8.32,2023-11-30 18:15:39,23.9,Dawn / Dusk
238,004283.jpg,PTR-CORE-CHB-23,Chorbahuli,core_forest,SAFE,21.62412,79.238997,Camera Trap (Wildlife),,11.54,2023-11-30 18:16:19,21.7,Dawn / Dusk
181,001806.jpg,PTR-CORE-EP-27,East Pench,core_forest,SAFE,21.627192,79.355111,Camera Trap (Wildlife),,3.44,2023-12-01 00:37:38,8.9,Night (IR Flash)
40,001094.jpg,PTR-CORE-SAL-07,Saleghat,core_forest,SAFE,21.593777,79.157658,Camera Trap (Wildlife),,4.34,2023-12-01 02:08:09,8.4,Night (IR Flash)
265,002854.jpg,PTR-CORE-EP-19,East Pench,core_forest,SAFE,21.683178,79.333365,Camera Trap (Wildlife),,5.49,2023-12-01 02:18:16,10.9,Night (IR Flash)
94,003873.jpg,PTR-CORE-CHB-09,Chorbahuli,core_forest,SAFE,21.663433,79.252181,Camera Trap (Wildlife),,9.87,2023-12-01 03:28:05,7.4,Night (IR Flash)
246,001964.jpg,PTR-CORE-SAL-06,Saleghat,core_forest,SAFE,21.619839,79.154567,Camera Trap (Wildlife),,5.87,2023-12-01 04:53:44,11.6,Night (IR Flash)
132,002659.jpg,PTR-CORE-EP-04,East Pench,core_forest,SAFE,21.689669,79.296008,Camera Trap (Wildlife),,6.36,2023-12-01 05:04:04,10.7,Night (IR Flash)
39,004838.jpg,PTR-CORE-CHB-03,Chorbahuli,core_forest,SAFE,21.641684,79.277429,Camera Trap (Wildlife),,11.58,2023-12-01 05:16:41,7.7,Dawn / Dusk
24,002597.jpg,PTR-CORE-EP-27,East Pench,core_forest,SAFE,21.626373,79.355179,Camera Trap (Wildlife),,3.44,2023-12-01 08:56:59,23.6,Daylight
126,000150.jpg,PTR-CORE-DEV-14,Devalapar,core_forest,SAFE,21.716792,79.268484,Camera Trap (Wildlife),,3.97,2023-12-01 15:26:29,22.5,Daylight
160,004828.jpg,PTR-COR-NH44-14,NH-44 Corridor,buffer,CAUTION,21.622439,79.269486,CCTV / Solar Camera,,11.86,2023-12-01 17:53:53,22.9,Dawn / Dusk
256,001504.jpg,PTR-CORE-WP-13,West Pench,core_forest,SAFE,21.667273,79.169733,Camera Trap (Wildlife),,6.87,2023-12-01 22:37:02,9.0,Night (IR Flash)
136,001873.jpg,PTR-CORE-CHB-10,Chorbahuli,core_forest,SAFE,21.664216,79.251782,Camera Trap (Wildlife),,9.75,2023-12-02 00:03:56,11.3,Night (IR Flash)
117,004538.jpg,PTR-CORE-CHB-03,Chorbahuli,core_forest,SAFE,21.641909,79.277024,Camera Trap (Wildlife),,11.58,2023-12-02 00:15:13,7.3,Night (IR Flash)
96,004797.jpg,PTR-CORE-EP-10,East Pench,core_forest,SAFE,21.680867,79.290126,Camera Trap (Wildlife),,7.39,2023-12-02 02:55:07,11.8,Night (IR Flash)
261,000206.jpg,PTR-CORE-EP-21,East Pench,core_forest,SAFE,21.670585,79.292795,Camera Trap (Wildlife),,8.45,2023-12-02 06:48:25,9.4,Dawn / Dusk
64,000933.jpg,PTR-CORE-DEV-23,Devalapar,core_forest,SAFE,21.685203,79.258518,Camera Trap (Wildlife),,7.37,2023-12-02 07:09:00,23.3,Dawn / Dusk
211,003843.jpg,PTR-CORE-SAL-14,Saleghat,core_forest,SAFE,21.57113,79.163246,Camera Trap (Wildlife),,1.93,2023-12-02 08:15:04,22.7,Daylight
202,000617.jpg,PTR-BUF-E-05,East Buffer,buffer,CAUTION,21.642848,79.391386,CCTV / Solar Camera,,0.5,2023-12-02 09:01:14,18.3,Daylight
129,003583.jpg,PTR-CORE-WP-14,West Pench,core_forest,SAFE,21.689967,79.17263,Camera Trap (Wildlife),,5.74,2023-12-02 17:50:29,20.2,Dawn / Dusk
22,004455.jpg,PTR-CORE-EP-21,East Pench,core_forest,SAFE,21.670309,79.29325,Camera Trap (Wildlife),,8.45,2023-12-02 19:29:26,20.5,Dawn / Dusk
201,003191.jpg,PTR-CORE-DEV-09,Devalapar,core_forest,SAFE,21.733084,79.233474,Camera Trap (Wildlife),,2.98,2023-12-02 20:52:18,11.1,Night (IR Flash)
253,000607.jpg,PTR-CORE-SAL-05,Saleghat,core_forest,SAFE,21.628028,79.20009,Camera Trap (Wildlife),,9.35,2023-12-03 00:18:23,11.9,Night (IR Flash)
267,004677.jpg,PTR-CORE-EP-22,East Pench,core_forest,SAFE,21.623132,79.309983,Camera Trap (Wildlife),,7.79,2023-12-03 02:07:05,8.0,Night (IR Flash)
12,002497.jpg,PTR-CORE-EP-11,East Pench,core_forest,SAFE,21.680633,79.338664,Camera Trap (Wildlife),,5.01,2023-12-03 02:12:05,10.3,Night (IR Flash)
246,001205.jpg,PTR-CORE-SAL-13,Saleghat,core_forest,SAFE,21.599129,79.188578,Camera Trap (Wildlife),,5.95,2023-12-03 04:47:17,11.7,Night (IR Flash)
39,003002.jpg,PTR-CORE-EP-01,East Pench,core_forest,SAFE,21.663508,79.291823,Camera Trap (Wildlife),,9.19,2023-12-03 05:15:04,11.1,Dawn / Dusk
261,002262.jpg,PTR-CORE-CHB-16,Chorbahuli,core_forest,SAFE,21.615621,79.249314,Camera Trap (Wildlife),,11.83,2023-12-03 05:27:04,10.2,Night (IR Flash)
154,001251.jpg,PTR-CORE-DEV-20,Devalapar,core_forest,SAFE,21.688438,79.237899,Camera Trap (Wildlife),,7.41,2023-12-03 05:49:01,7.3,Night (IR Flash)
160,001137.jpg,PTR-CORE-SAL-16,Saleghat,core_forest,SAFE,21.598394,79.190345,Camera Trap (Wildlife),,5.97,2023-12-03 12:28:27,21.3,Daylight
96,001924.jpg,PTR-CORE-CHB-15,Chorbahuli,core_forest,SAFE,21.671479,79.277156,Camera Trap (Wildlife),,8.85,2023-12-03 19:29:51,22.6,Night (IR Flash)
238,000031.jpg,PTR-CORE-CHB-10,Chorbahuli,core_forest,SAFE,21.664659,79.251565,Camera Trap (Wildlife),,9.75,2023-12-03 23:02:20,10.3,Night (IR Flash)
255,001050.jpg,PTR-CORE-EP-28,East Pench,core_forest,SAFE,21.66505,79.332631,Camera Trap (Wildlife),,6.35,2023-12-04 00:01:35,8.0,Night (IR Flash)
64,000214.jpg,PTR-CORE-DEV-13,Devalapar,core_forest,SAFE,21.71541,79.230661,Camera Trap (Wildlife),,4.92,2023-12-04 01:05:32,10.2,Night (IR Flash)
268,004866.jpg,PTR-CORE-EP-26,East Pench,core_forest,SAFE,21.637425,79.304682,Camera Trap (Wildlife),,8.73,2023-12-04 03:58:28,12.0,Night (IR Flash)
268,004390.jpg,PTR-CORE-EP-18,East Pench,core_forest,SAFE,21.637865,79.328773,Camera Trap (Wildlife),,6.48,2023-12-04 04:21:54,8.3,Night (IR Flash)
181,004085.jpg,PTR-CORE-EP-11,East Pench,core_forest,SAFE,21.680361,79.338616,Camera Trap (Wildlife),,5.01,2023-12-04 04:53:23,9.1,Night (IR Flash)
57,000633.jpg,PTR-CORE-CHB-06,Chorbahuli,core_forest,SAFE,21.673479,79.272135,Camera Trap (Wildlife),,8.76,2023-12-04 06:14:42,11.6,Dawn / Dusk
13,004488.jpg,PTR-CORE-EP-14,East Pench,core_forest,SAFE,21.608978,79.297186,Camera Trap (Wildlife),,8.69,2023-12-04 13:22:45,23.6,Daylight
106,000427.jpg,PTR-CORE-DEV-19,Devalapar,core_forest,SAFE,21.728592,79.240167,Camera Trap (Wildlife),,3.3,2023-12-04 14:02:57,21.2,Daylight
237,003058.jpg,PTR-CORE-EP-13,East Pench,core_forest,SAFE,21.695819,79.313478,Camera Trap (Wildlife),,5.48,2023-12-04 19:01:41,19.0,Dawn / Dusk
261,002170.jpg,PTR-CORE-SAL-15,Saleghat,core_forest,SAFE,21.628072,79.179728,Camera Trap (Wildlife),,8.46,2023-12-04 19:13:14,19.5,Night (IR Flash)
187,002594.jpg,PTR-CORE-SAL-01,Saleghat,core_forest,SAFE,21.577076,79.200601,Camera Trap (Wildlife),,5.3,2023-12-04 19:46:01,22.8,Night (IR Flash)
40,004142.jpg,PTR-CORE-SAL-14,Saleghat,core_forest,SAFE,21.570499,79.163016,Camera Trap (Wildlife),,1.93,2023-12-04 20:08:09,11.5,Night (IR Flash)
238,001610.jpg,PTR-CORE-CHB-10,Chorbahuli,core_forest,SAFE,21.664304,79.251878,Camera Trap (Wildlife),,9.75,2023-12-04 20:41:29,9.0,Night (IR Flash)
244,002708.jpg,PTR-CORE-WP-02,West Pench,core_forest,SAFE,21.668825,79.155952,Camera Trap (Wildlife),,5.38,2023-12-05 00:14:02,7.6,Night (IR Flash)
238,002957.jpg,PTR-CORE-WP-05,West Pench,core_forest,SAFE,21.664672,79.183921,Camera Trap (Wildlife),,8.32,2023-12-05 05:09:19,11.6,Dawn / Dusk
201,002000.jpg,PTR-CORE-DEV-05,Devalapar,core_forest,SAFE,21.731729,79.261992,Camera Trap (Wildlife),,2.3,2023-12-05 15:05:50,22.2,Daylight
154,000851.jpg,PTR-CORE-WP-04,West Pench,core_forest,SAFE,21.675951,79.155754,Camera Trap (Wildlife),,5.21,2023-12-05 19:16:58,23.0,Night (IR Flash)
271,004188.jpg,PTR-CORE-CHB-17,Chorbahuli,core_forest,SAFE,21.614765,79.265558,Camera Trap (Wildlife),,11.52,2023-12-05 22:00:16,11.3,Night (IR Flash)
246,001435.jpg,PTR-CORE-SAL-06,Saleghat,core_forest,SAFE,21.619604,79.155073,Camera Trap (Wildlife),,5.87,2023-12-06 01:14:20,11.0,Night (IR Flash)
274,002836.jpg,PTR-CORE-WP-17,West Pench,core_forest,SAFE,21.687832,79.164063,Camera Trap (Wildlife),,5.57,2023-12-06 03:58:33,10.8,Night (IR Flash)
201,001103.jpg,PTR-CORE-DEV-15,Devalapar,core_forest,SAFE,21.707188,79.228077,Camera Trap (Wildlife),,5.82,2023-12-06 04:31:17,7.5,Night (IR Flash)
13,003707.jpg,PTR-CORE-CHB-23,Chorbahuli,core_forest,SAFE,21.624357,79.238718,Camera Trap (Wildlife),,11.54,2023-12-06 04:54:16,11.2,Night (IR Flash)
109,000348.jpg,PTR-CORE-SAL-15,Saleghat,core_forest,SAFE,21.627617,79.17973,Camera Trap (Wildlife),,8.46,2023-12-06 04:57:28,7.9,Night (IR Flash)
222,002763.jpg,PTR-CORE-SAL-03,Saleghat,core_forest,SAFE,21.598889,79.148196,Camera Trap (Wildlife),,4.68,2023-12-06 05:03:38,8.0,Dawn / Dusk
129,002925.jpg,PTR-CORE-WP-08,West Pench,core_forest,SAFE,21.67636,79.186633,Camera Trap (Wildlife),,7.55,2023-12-06 06:16:08,9.9,Dawn / Dusk
114,001944.jpg,PTR-CORE-EP-05,East Pench,core_forest,SAFE,21.641956,79.29192,Camera Trap (Wildlife),,10.14,2023-12-06 09:23:07,18.6,Daylight
243,005009.jpg,PTR-CORE-EP-09,East Pench,core_forest,SAFE,21.622516,79.330867,Camera Trap (Wildlife),,5.65,2023-12-06 15:23:21,21.1,Daylight
66,000895.jpg,PTR-CORE-EP-20,East Pench,core_forest,SAFE,21.686083,79.329989,Camera Trap (Wildlife),,5.71,2023-12-06 17:09:17,20.0,Dawn / Dusk
108,004614.jpg,PTR-CORE-CHB-17,Chorbahuli,core_forest,SAFE,21.614503,79.265352,Camera Trap (Wildlife),,11.52,2023-12-06 17:12:10,22.9,Dawn / Dusk
34,001970.jpg,PTR-CORE-DEV-17,Devalapar,core_forest,SAFE,21.689866,79.217761,Camera Trap (Wildlife),,7.55,2023-12-06 17:55:40,18.9,Dawn / Dusk
168,000210.jpg,PTR-CORE-EP-08,East Pench,core_forest,SAFE,21.66458,79.328079,Camera Trap (Wildlife),,6.74,2023-12-06 20:11:05,8.4,Night (IR Flash)
153,004876.jpg,PTR-CORE-WP-08,West Pench,core_forest,SAFE,21.676882,79.187164,Camera Trap (Wildlife),,7.55,2023-12-06 21:13:57,9.4,Night (IR Flash)
153,004219.jpg,PTR-CORE-CHB-06,Chorbahuli,core_forest,SAFE,21.673455,79.272598,Camera Trap (Wildlife),,8.76,2023-12-06 21:27:10,8.7,Night (IR Flash)
136,003126.jpg,PTR-CORE-CHB-22,Chorbahuli,core_forest,SAFE,21.647533,79.263581,Camera Trap (Wildlife),,11.58,2023-12-06 23:47:35,7.2,Night (IR Flash)
237,001015.jpg,PTR-CORE-EP-10,East Pench,core_forest,SAFE,21.680772,79.290524,Camera Trap (Wildlife),,7.39,2023-12-07 01:38:51,10.8,Night (IR Flash)
100,003484.jpg,PTR-CORE-EP-08,East Pench,core_forest,SAFE,21.664876,79.328105,Camera Trap (Wildlife),,6.74,2023-12-07 04:36:39,10.0,Night (IR Flash)
220,002880.jpg,PTR-CORE-EP-16,East Pench,core_forest,SAFE,21.680636,79.341152,Camera Trap (Wildlife),,4.79,2023-12-07 04:42:16,7.6,Night (IR Flash)
114,002585.jpg,PTR-CORE-CHB-09,Chorbahuli,core_forest,SAFE,21.662971,79.252138,Camera Trap (Wildlife),,9.87,2023-12-07 12:32:02,23.8,Daylight
51,002698.jpg,PTR-CORE-DEV-04,Devalapar,core_forest,SAFE,21.715515,79.256543,Camera Trap (Wildlife),,4.06,2023-12-07 14:14:54,21.8,Daylight
153,003944.jpg,PTR-CORE-CHB-15,Chorbahuli,core_forest,SAFE,21.671367,79.276838,Camera Trap (Wildlife),,8.85,2023-12-08 00:07:50,7.2,Night (IR Flash)
109,002162.jpg,PTR-CORE-SAL-02,Saleghat,core_forest,SAFE,21.591466,79.196424,Camera Trap (Wildlife),,5.87,2023-12-08 00:12:55,8.7,Night (IR Flash)
264,000634.jpg,PTR-CORE-SAL-12,Saleghat,core_forest,SAFE,21.626568,79.204581,Camera Trap (Wildlife),,9.49,2023-12-08 01:43:53,11.2,Night (IR Flash)
243,003613.jpg,PTR-CORE-EP-18,East Pench,core_forest,SAFE,21.63743,79.328398,Camera Trap (Wildlife),,6.48,2023-12-08 02:17:21,10.3,Night (IR Flash)
64,003289.jpg,PTR-CORE-DEV-02,Devalapar,core_forest,SAFE,21.694144,79.237409,Camera Trap (Wildlife),,6.83,2023-12-08 09:46:10,20.2,Daylight
97,002792.jpg,PTR-CORE-WP-11,West Pench,core_forest,SAFE,21.692863,79.194762,Camera Trap (Wildlife),,6.33,2023-12-08 17:06:06,20.0,Dawn / Dusk
57,000769.jpg,PTR-CORE-EP-19,East Pench,core_forest,SAFE,21.682962,79.333037,Camera Trap (Wildlife),,5.49,2023-12-08 17:40:28,22.0,Dawn / Dusk
261,003758.jpg,PTR-CORE-WP-06,West Pench,core_forest,SAFE,21.675724,79.202925,Camera Trap (Wildlife),,8.39,2023-12-08 19:30:59,18.1,Night (IR Flash)
265,001217.jpg,PTR-CORE-EP-11,East Pench,core_forest,SAFE,21.680976,79.338557,Camera Trap (Wildlife),,5.01,2023-12-08 20:47:07,10.8,Night (IR Flash)
223,001367.jpg,PTR-CORE-CHB-06,Chorbahuli,core_forest,SAFE,21.674214,79.272382,Camera Trap (Wildlife),,8.76,2023-12-08 20:48:04,7.8,Night (IR Flash)
40,003863.jpg,PTR-CORE-SAL-03,Saleghat,core_forest,SAFE,21.598749,79.148111,Camera Trap (Wildlife),,4.68,2023-12-08 22:47:41,12.0,Night (IR Flash)
255,004376.jpg,PTR-CORE-EP-16,East Pench,core_forest,SAFE,21.680786,79.340926,Camera Trap (Wildlife),,4.79,2023-12-08 23:05:50,9.2,Night (IR Flash)
274,000533.jpg,PTR-CORE-WP-18,West Pench,core_forest,SAFE,21.720604,79.157184,Camera Trap (Wildlife),,2.2,2023-12-09 04:21:29,8.4,Night (IR Flash)
160,003839.jpg,PTR-CORE-SAL-02,Saleghat,core_forest,SAFE,21.590787,79.19639,Camera Trap (Wildlife),,5.87,2023-12-09 04:38:26,7.6,Night (IR Flash)
13,002611.jpg,PTR-CORE-EP-22,East Pench,core_forest,SAFE,21.623008,79.310641,Camera Trap (Wildlife),,7.79,2023-12-09 05:56:40,11.5,Dawn / Dusk
273,004191.jpg,PTR-CORE-CHB-17,Chorbahuli,core_forest,SAFE,21.614883,79.266094,Camera Trap (Wildlife),,11.52,2023-12-09 17:01:39,18.2,Dawn / Dusk
108,004026.jpg,PTR-CORE-CHB-06,Chorbahuli,core_forest,SAFE,21.673542,79.272283,Camera Trap (Wildlife),,8.76,2023-12-09 20:34:58,8.9,Night (IR Flash)
153,003257.jpg,PTR-CORE-CHB-19,Chorbahuli,core_forest,SAFE,21.642801,79.25342,Camera Trap (Wildlife),,12.09,2023-12-09 21:14:21,7.8,Night (IR Flash)
24,001208.jpg,PTR-CORE-EP-05,East Pench,core_forest,SAFE,21.641891,79.292462,Camera Trap (Wildlife),,10.14,2023-12-09 21:46:31,10.6,Night (IR Flash)
181,003378.jpg,PTR-CORE-EP-09,East Pench,core_forest,SAFE,21.621848,79.331037,Camera Trap (Wildlife),,5.65,2023-12-09 23:39:35,8.7,Night (IR Flash)
154,002546.jpg,PTR-CORE-WP-09,West Pench,core_forest,SAFE,21.674825,79.148982,Camera Trap (Wildlife),,4.59,2023-12-10 00:07:57,10.9,Night (IR Flash)
243,005129.jpg,PTR-CORE-CHB-03,Chorbahuli,core_forest,SAFE,21.641992,79.277692,Camera Trap (Wildlife),,11.58,2023-12-10 00:14:09,10.6,Night (IR Flash)
247,002543.jpg,PTR-CORE-SAL-01,Saleghat,core_forest,SAFE,21.57708,79.200078,Camera Trap (Wildlife),,5.3,2023-12-10 01:23:09,7.5,Night (IR Flash)
136,003991.jpg,PTR-CORE-SAL-10,Saleghat,core_forest,SAFE,21.578394,79.192118,Camera Trap (Wildlife),,4.63,2023-12-10 06:00:08,11.9,Dawn / Dusk
90,001639.jpg,PTR-CORE-WP-08,West Pench,core_forest,SAFE,21.676824,79.187282,Camera Trap (Wildlife),,7.55,2023-12-10 06:52:39,8.4,Dawn / Dusk
160,003417.jpg,PTR-CORE-SAL-02,Saleghat,core_forest,SAFE,21.59092,79.197075,Camera Trap (Wildlife),,5.87,2023-12-10 16:26:34,21.0,Daylight
96,003934.jpg,PTR-CORE-DEV-19,Devalapar,core_forest,SAFE,21.728652,79.240818,Camera Trap (Wildlife),,3.3,2023-12-10 22:43:38,7.6,Night (IR Flash)
213,003310.jpg,PTR-CORE-DEV-19,Devalapar,core_forest,SAFE,21.728069,79.240744,Camera Trap (Wildlife),,3.3,2023-12-11 01:49:41,10.1,Night (IR Flash)
220,001303.jpg,PTR-CORE-EP-17,East Pench,core_forest,SAFE,21.653914,79.358218,Camera Trap (Wildlife),,3.82,2023-12-11 02:43:52,9.0,Night (IR Flash)
153,000508.jpg,PTR-CORE-WP-02,West Pench,core_forest,SAFE,21.668761,79.155684,Camera Trap (Wildlife),,5.38,2023-12-11 04:44:00,7.6,Night (IR Flash)
243,000732.jpg,PTR-CORE-CHB-14,Chorbahuli,core_forest,SAFE,21.631676,79.223167,Camera Trap (Wildlife),,11.04,2023-12-11 05:36:59,9.7,Dawn / Dusk
153,001300.jpg,PTR-CORE-CHB-21,Chorbahuli,core_forest,SAFE,21.639429,79.232926,Camera Trap (Wildlife),,12.34,2023-12-11 09:19:49,19.9,Daylight
202,000398.jpg,PTR-CORE-DEV-19,Devalapar,core_forest,SAFE,21.728892,79.239903,Camera Trap (Wildlife),,3.3,2023-12-11 19:13:10,21.8,Night (IR Flash)
243,004193.jpg,PTR-CORE-CHB-02,Chorbahuli,core_forest,SAFE,21.61732,79.246207,Camera Trap (Wildlife),,11.69,2023-12-11 19:44:08,19.8,Dawn / Dusk
40,001059.jpg,PTR-CORE-SAL-07,Saleghat,core_forest,SAFE,21.594148,79.158114,Camera Trap (Wildlife),,4.34,2023-12-11 21:20:33,7.1,Night (IR Flash)
160,001860.jpg,PTR-COR-NH44-13,NH-44 Corridor,buffer,CAUTION,21.548573,79.261926,Camera Trap (Wildlife),,5.67,2023-12-11 21:46:52,12.0,Night (IR Flash)
160,001797.jpg,PTR-CORE-SAL-02,Saleghat,core_forest,SAFE,21.590549,79.196204,Camera Trap (Wildlife),,5.87,2023-12-11 23:59:07,11.0,Night (IR Flash)
177,004271.jpg,PTR-CORE-WP-14,West Pench,core_forest,SAFE,21.689373,79.173044,Camera Trap (Wildlife),,5.74,2023-12-12 02:05:05,7.3,Night (IR Flash)
172,003511.jpg,PTR-CORE-SAL-09,Saleghat,core_forest,SAFE,21.586999,79.203665,Camera Trap (Wildlife),,6.15,2023-12-12 02:46:37,9.7,Night (IR Flash)
148,001594.jpg,PTR-CORE-EP-18,East Pench,core_forest,SAFE,21.637436,79.328829,Camera Trap (Wildlife),,6.48,2023-12-12 03:53:06,9.7,Night (IR Flash)
171,003919.jpg,PTR-CORE-WP-14,West Pench,core_forest,SAFE,21.689782,79.172396,Camera Trap (Wildlife),,5.74,2023-12-12 05:51:02,11.8,Night (IR Flash)
66,001765.jpg,PTR-CORE-EP-15,East Pench,core_forest,SAFE,21.684843,79.332164,Camera Trap (Wildlife),,5.55,2023-12-12 06:11:42,11.4,Dawn / Dusk
34,001608.jpg,PTR-CORE-DEV-24,Devalapar,core_forest,SAFE,21.722173,79.246899,Camera Trap (Wildlife),,3.53,2023-12-12 06:38:49,8.2,Dawn / Dusk
43,003250.jpg,PTR-CORE-DEV-02,Devalapar,core_forest,SAFE,21.694315,79.23789,Camera Trap (Wildlife),,6.83,2023-12-12 22:06:38,9.8,Night (IR Flash)
195,001175.jpg,PTR-CORE-SAL-02,Saleghat,core_forest,SAFE,21.591158,79.196257,Camera Trap (Wildlife),,5.87,2023-12-12 23:19:34,8.5,Night (IR Flash)
55,004261.jpg,PTR-CORE-CHB-24,Chorbahuli,core_forest,SAFE,21.68014,79.258999,Camera Trap (Wildlife),,8.03,2023-12-12 23:54:48,11.8,Night (IR Flash)
177,002297.jpg,PTR-CORE-WP-15,West Pench,core_forest,SAFE,21.711305,79.187469,Camera Trap (Wildlife),,4.26,2023-12-13 01:35:11,8.7,Night (IR Flash)
177,004612.jpg,PTR-CORE-WP-14,West Pench,core_forest,SAFE,21.689376,79.172454,Camera Trap (Wildlife),,5.74,2023-12-13 01:53:40,10.2,Night (IR Flash)
108,004254.jpg,PTR-CORE-EP-21,East Pench,core_forest,SAFE,21.670841,79.29305,Camera Trap (Wildlife),,8.45,2023-12-13 03:16:14,8.3,Night (IR Flash)
153,004936.jpg,PTR-BUF-W-09,West Buffer,buffer,CAUTION,21.623479,79.10734,CCTV / Solar Camera,,1.06,2023-12-13 03:24:35,8.1,Night (IR Flash)
154,004920.jpg,PTR-CORE-DEV-12,Devalapar,core_forest,SAFE,21.699685,79.22935,Camera Trap (Wildlife),,6.6,2023-12-13 05:23:09,11.4,Night (IR Flash)
130,001196.jpg,PTR-CORE-CHB-23,Chorbahuli,core_forest,SAFE,21.623908,79.238765,Camera Trap (Wildlife),,11.54,2023-12-13 05:26:32,11.5,Dawn / Dusk
274,002273.jpg,PTR-BUF-W-12,West Buffer,buffer,CAUTION,21.636799,79.13538,CCTV / Solar Camera,,4.32,2023-12-13 13:05:17,20.1,Daylight
160,001699.jpg,PTR-CORE-CHB-21,Chorbahuli,core_forest,SAFE,21.639932,79.232551,Camera Trap (Wildlife),,12.34,2023-12-13 15:07:05,22.0,Daylight
256,001130.jpg,PTR-CORE-DEV-04,Devalapar,core_forest,SAFE,21.715459,79.255748,Camera Trap (Wildlife),,4.06,2023-12-13 18:51:25,23.3,Dawn / Dusk
160,001454.jpg,PTR-CORE-SAL-13,Saleghat,core_forest,SAFE,21.59931,79.188409,Camera Trap (Wildlife),,5.95,2023-12-13 20:02:09,8.0,Night (IR Flash)
85,004414.jpg,PTR-CORE-DEV-01,Devalapar,core_forest,SAFE,21.694175,79.258864,Camera Trap (Wildlife),,6.39,2023-12-13 23:48:19,9.5,Night (IR Flash)
153,002055.jpg,PTR-VIL-PAO-02,Paoni Edge,village_edge,CRITICAL,21.517982,79.226267,PTZ / AI Camera,Paoni,0.57,2023-12-13 23:49:34,10.2,Night (IR Flash)
240,002723.jpg,PTR-BUF-NAG-01,Nagalwadi Buffer,buffer,CAUTION,21.558792,79.310064,Camera Trap (Wildlife),,3.78,2023-12-14 00:47:53,9.5,Night (IR Flash)
264,003210.jpg,PTR-CORE-WP-19,West Pench,core_forest,SAFE,21.673709,79.171506,Camera Trap (Wildlife),,6.88,2023-12-14 02:14:44,8.9,Night (IR Flash)
171,003900.jpg,PTR-CORE-WP-13,West Pench,core_forest,SAFE,21.666888,79.169701,Camera Trap (Wildlife),,6.87,2023-12-14 03:11:02,7.9,Night (IR Flash)
253,000108.jpg,PTR-BUF-PAO-08,Paoni Buffer,buffer,CAUTION,21.53499,79.249429,Camera Trap (Wildlife),,4.11,2023-12-14 04:14:55,8.5,Night (IR Flash)
106,001967.jpg,PTR-CORE-DEV-11,Devalapar,core_forest,SAFE,21.735011,79.242733,Camera Trap (Wildlife),,2.58,2023-12-14 04:24:09,9.3,Night (IR Flash)
201,000541.jpg,PTR-CORE-DEV-08,Devalapar,core_forest,SAFE,21.696852,79.271614,Camera Trap (Wildlife),,6.26,2023-12-14 05:00:22,7.3,Dawn / Dusk
249,005130.jpg,PTR-CORE-SAL-15,Saleghat,core_forest,SAFE,21.628066,79.180238,Camera Trap (Wildlife),,8.46,2023-12-14 19:39:55,23.1,Dawn / Dusk
142,002730.jpg,PTR-CORE-CHB-18,Chorbahuli,core_forest,SAFE,21.664085,79.227791,Camera Trap (Wildlife),,10.36,2023-12-14 21:35:41,10.5,Night (IR Flash)
145,001524.jpg,PTR-CORE-EP-10,East Pench,core_forest,SAFE,21.680566,79.290512,Camera Trap (Wildlife),,7.39,2023-12-14 23:32:11,10.5,Night (IR Flash)
244,004354.jpg,PTR-BUF-W-03,West Buffer,buffer,CAUTION,21.626529,79.124288,CCTV / Solar Camera,,2.78,2023-12-15 00:33:10,9.8,Night (IR Flash)
60,000575.jpg,PTR-CORE-CHB-06,Chorbahuli,core_forest,SAFE,21.673685,79.272583,Camera Trap (Wildlife),,8.76,2023-12-15 02:48:02,9.6,Night (IR Flash)
271,004514.jpg,PTR-CORE-CHB-09,Chorbahuli,core_forest,SAFE,21.663483,79.252189,Camera Trap (Wildlife),,9.87,2023-12-15 07:35:46,19.4,Dawn / Dusk
178,000120.jpg,PTR-CORE-CHB-23,Chorbahuli,core_forest,SAFE,21.624493,79.238316,Camera Trap (Wildlife),,11.54,2023-12-15 07:47:18,21.1,Dawn / Dusk
96,001131.jpg,PTR-CORE-DEV-12,Devalapar,core_forest,SAFE,21.69928,79.229452,Camera Trap (Wildlife),,6.6,2023-12-15 17:06:05,22.6,Dawn / Dusk
217,000071.jpg,PTR-CORE-CHB-13,Chorbahuli,core_forest,SAFE,21.671448,79.270124,Camera Trap (Wildlife),,8.99,2023-12-15 20:11:15,7.7,Night (IR Flash)
82,000107.jpg,PTR-CORE-CHB-01,Chorbahuli,core_forest,SAFE,21.628213,79.258263,Camera Trap (Wildlife),,13.16,2023-12-15 20:34:53,8.9,Night (IR Flash)
246,004743.jpg,PTR-CORE-SAL-03,Saleghat,core_forest,SAFE,21.598495,79.147806,Camera Trap (Wildlife),,4.68,2023-12-15 21:13:06,11.9,Night (IR Flash)
106,003424.jpg,PTR-CORE-DEV-24,Devalapar,core_forest,SAFE,21.722015,79.246881,Camera Trap (Wildlife),,3.53,2023-12-16 02:46:11,8.8,Night (IR Flash)
243,000471.jpg,PTR-CORE-CHB-23,Chorbahuli,core_forest,SAFE,21.624047,79.239035,Camera Trap (Wildlife),,11.54,2023-12-16 07:21:46,23.8,Dawn / Dusk
160,004822.jpg,PTR-CORE-CHB-21,Chorbahuli,core_forest,SAFE,21.639303,79.232732,Camera Trap (Wildlife),,12.34,2023-12-16 07:54:23,19.6,Dawn / Dusk
106,002228.jpg,PTR-CORE-DEV-21,Devalapar,core_forest,SAFE,21.740139,79.247062,Camera Trap (Wildlife),,1.92,2023-12-16 20:05:23,7.4,Night (IR Flash)
253,002426.jpg,PTR-CORE-SAL-11,Saleghat,core_forest,SAFE,21.591765,79.170086,Camera Trap (Wildlife),,4.39,2023-12-16 20:10:33,11.2,Night (IR Flash)
256,002784.jpg,PTR-CORE-DEV-04,Devalapar,core_forest,SAFE,21.715268,79.256435,Camera Trap (Wildlife),,4.06,2023-12-17 01:10:59,8.6,Night (IR Flash)
69,000574.jpg,PTR-BUF-N-03,North Buffer,buffer,CAUTION,21.756447,79.267985,Camera Trap (Wildlife),,1.02,2023-12-17 03:12:09,7.8,Night (IR Flash)
78,002839.jpg,PTR-CORE-SAL-02,Saleghat,core_forest,SAFE,21.590639,79.196582,Camera Trap (Wildlife),,5.87,2023-12-17 04:40:40,11.3,Night (IR Flash)
208,002374.jpg,PTR-CORE-SAL-13,Saleghat,core_forest,SAFE,21.598681,79.188445,Camera Trap (Wildlife),,5.95,2023-12-17 04:51:05,10.8,Night (IR Flash)
91,004921.jpg,PTR-CORE-WP-11,West Pench,core_forest,SAFE,21.69308,79.194854,Camera Trap (Wildlife),,6.33,2023-12-17 05:19:49,9.3,Dawn / Dusk
237,003965.jpg,PTR-CORE-EP-25,East Pench,core_forest,SAFE,21.663088,79.315207,Camera Trap (Wildlife),,7.96,2023-12-17 06:20:37,8.9,Dawn / Dusk
153,000606.jpg,PTR-CORE-DEV-07,Devalapar,core_forest,SAFE,21.702589,79.231513,Camera Trap (Wildlife),,6.27,2023-12-17 07:29:33,22.7,Dawn / Dusk
249,003868.jpg,PTR-CORE-SAL-12,Saleghat,core_forest,SAFE,21.626739,79.205097,Camera Trap (Wildlife),,9.49,2023-12-17 08:24:23,21.8,Daylight
153,004124.jpg,PTR-CORE-WP-11,West Pench,core_forest,SAFE,21.69294,79.195219,Camera Trap (Wildlife),,6.33,2023-12-17 08:48:06,21.2,Daylight
168,003259.jpg,PTR-CORE-EP-15,East Pench,core_forest,SAFE,21.684652,79.332526,Camera Trap (Wildlife),,5.55,2023-12-17 14:36:05,19.8,Daylight
154,003150.jpg,PTR-CORE-WP-03,West Pench,core_forest,SAFE,21.68337,79.181086,Camera Trap (Wildlife),,6.62,2023-12-17 20:50:10,11.9,Night (IR Flash)
57,004626.jpg,PTR-CORE-DEV-21,Devalapar,core_forest,SAFE,21.740189,79.246589,Camera Trap (Wildlife),,1.92,2023-12-17 23:41:05,9.2,Night (IR Flash)
160,002119.jpg,PTR-CORE-SAL-12,Saleghat,core_forest,SAFE,21.62689,79.204813,Camera Trap (Wildlife),,9.49,2023-12-18 02:37:20,10.1,Night (IR Flash)
243,001734.jpg,PTR-CORE-EP-17,East Pench,core_forest,SAFE,21.653961,79.358369,Camera Trap (Wildlife),,3.82,2023-12-18 03:25:59,11.7,Night (IR Flash)
145,002765.jpg,PTR-CORE-DEV-14,Devalapar,core_forest,SAFE,21.717615,79.268666,Camera Trap (Wildlife),,3.97,2023-12-18 05:57:57,9.9,Dawn / Dusk
88,000669.jpg,PTR-CORE-DEV-15,Devalapar,core_forest,SAFE,21.706897,79.227792,Camera Trap (Wildlife),,5.82,2023-12-18 08:03:39,22.3,Daylight
181,004436.jpg,PTR-CORE-EP-25,East Pench,core_forest,SAFE,21.663982,79.315531,Camera Trap (Wildlife),,7.96,2023-12-18 17:40:46,22.7,Dawn / Dusk
106,002568.jpg,PTR-CORE-DEV-21,Devalapar,core_forest,SAFE,21.74007,79.246777,Camera Trap (Wildlife),,1.92,2023-12-18 19:25:35,22.9,Night (IR Flash)
261,003399.jpg,PTR-CORE-EP-09,East Pench,core_forest,SAFE,21.621689,79.331063,Camera Trap (Wildlife),,5.65,2023-12-18 20:13:42,10.1,Night (IR Flash)
160,004761.jpg,PTR-CORE-SAL-03,Saleghat,core_forest,SAFE,21.598821,79.147963,Camera Trap (Wildlife),,4.68,2023-12-18 21:18:11,7.2,Night (IR Flash)
247,002324.jpg,PTR-CORE-SAL-11,Saleghat,core_forest,SAFE,21.591567,79.17009,Camera Trap (Wildlife),,4.39,2023-12-19 03:49:10,9.0,Night (IR Flash)
175,001666.jpg,PTR-CORE-EP-03,East Pench,core_forest,SAFE,21.673507,79.336915,Camera Trap (Wildlife),,5.45,2023-12-19 05:52:20,11.9,Night (IR Flash)
136,000754.jpg,PTR-CORE-CHB-15,Chorbahuli,core_forest,SAFE,21.671464,79.276398,Camera Trap (Wildlife),,8.85,2023-12-19 18:14:08,21.7,Dawn / Dusk
88,001692.jpg,PTR-CORE-DEV-05,Devalapar,core_forest,SAFE,21.731563,79.261238,Camera Trap (Wildlife),,2.3,2023-12-19 19:08:19,18.3,Dawn / Dusk
154,003156.jpg,PTR-CORE-CHB-04,Chorbahuli,core_forest,SAFE,21.671435,79.235706,Camera Trap (Wildlife),,9.3,2023-12-20 01:37:46,10.5,Night (IR Flash)
0,002558.jpg,PTR-CORE-EP-21,East Pench,core_forest,SAFE,21.66997,79.293204,Camera Trap (Wildlife),,8.45,2023-12-20 04:20:54,10.0,Night (IR Flash)
168,001409.jpg,PTR-CORE-EP-22,East Pench,core_forest,SAFE,21.623219,79.310305,Camera Trap (Wildlife),,7.79,2023-12-20 04:58:21,7.3,Night (IR Flash)
124,001252.jpg,PTR-CORE-DEV-10,Devalapar,core_forest,SAFE,21.720751,79.238528,Camera Trap (Wildlife),,4.07,2023-12-20 05:44:34,7.9,Dawn / Dusk
72,003314.jpg,PTR-CORE-WP-06,West Pench,core_forest,SAFE,21.675846,79.203409,Camera Trap (Wildlife),,8.39,2023-12-20 06:13:19,9.5,Dawn / Dusk
268,002937.jpg,PTR-CORE-EP-16,East Pench,core_forest,SAFE,21.681004,79.341391,Camera Trap (Wildlife),,4.79,2023-12-20 07:22:46,20.3,Dawn / Dusk
220,003494.jpg,PTR-CORE-EP-15,East Pench,core_forest,SAFE,21.685048,79.332738,Camera Trap (Wildlife),,5.55,2023-12-20 07:58:15,20.0,Dawn / Dusk
154,001919.jpg,PTR-CORE-WP-14,West Pench,core_forest,SAFE,21.689958,79.172415,Camera Trap (Wildlife),,5.74,2023-12-20 11:06:11,23.0,Daylight
274,002086.jpg,PTR-CORE-SAL-16,Saleghat,core_forest,SAFE,21.598318,79.189759,Camera Trap (Wildlife),,5.97,2023-12-20 14:01:39,19.2,Daylight
267,001706.jpg,PTR-CORE-EP-06,East Pench,core_forest,SAFE,21.622184,79.325773,Camera Trap (Wildlife),,6.24,2023-12-20 16:34:24,22.1,Daylight
91,002576.jpg,PTR-CORE-WP-06,West Pench,core_forest,SAFE,21.676374,79.203195,Camera Trap (Wildlife),,8.39,2023-12-20 19:01:21,23.0,Dawn / Dusk
136,002436.jpg,PTR-CORE-EP-07,East Pench,core_forest,SAFE,21.603001,79.303447,Camera Trap (Wildlife),,7.71,2023-12-20 20:04:23,9.0,Night (IR Flash)
45,001787.jpg,PTR-CORE-EP-25,East Pench,core_forest,SAFE,21.663661,79.315869,Camera Trap (Wildlife),,7.96,2023-12-20 21:13:08,11.5,Night (IR Flash)
198,004528.jpg,PTR-CORE-CHB-23,Chorbahuli,core_forest,SAFE,21.624573,79.238286,Camera Trap (Wildlife),,11.54,2023-12-20 22:58:00,9.1,Night (IR Flash)
172,003837.jpg,PTR-CORE-SAL-01,Saleghat,core_forest,SAFE,21.57703,79.199908,Camera Trap (Wildlife),,5.3,2023-12-21 01:17:25,10.9,Night (IR Flash)
3,004692.jpg,PTR-CORE-SAL-10,Saleghat,core_forest,SAFE,21.578127,79.191726,Camera Trap (Wildlife),,4.63,2023-12-21 03:27:11,10.4,Night (IR Flash)
178,002562.jpg,PTR-CORE-SAL-02,Saleghat,core_forest,SAFE,21.591326,79.196785,Camera Trap (Wildlife),,5.87,2023-12-21 11:27:02,20.3,Daylight
30,002037.jpg,PTR-CORE-SAL-08,Saleghat,core_forest,SAFE,21.587899,79.148248,Camera Trap (Wildlife),,3.73,2023-12-22 05:08:53,11.0,Night (IR Flash)
160,001301.jpg,PTR-CORE-CHB-17,Chorbahuli,core_forest,SAFE,21.614533,79.265826,Camera Trap (Wildlife),,11.52,2023-12-22 05:42:17,7.2,Dawn / Dusk
54,000603.jpg,PTR-CORE-WP-20,West Pench,core_forest,SAFE,21.689049,79.159433,Camera Trap (Wildlife),,5.12,2023-12-22 06:07:45,11.0,Dawn / Dusk
81,000160.jpg,PTR-CORE-CHB-06,Chorbahuli,core_forest,SAFE,21.673463,79.272565,Camera Trap (Wildlife),,8.76,2023-12-22 08:51:44,19.4,Daylight
253,004691.jpg,PTR-CORE-WP-03,West Pench,core_forest,SAFE,21.683684,79.180718,Camera Trap (Wildlife),,6.62,2023-12-22 16:54:31,19.2,Daylight
160,004204.jpg,PTR-CORE-SAL-16,Saleghat,core_forest,SAFE,21.598144,79.189593,Camera Trap (Wildlife),,5.97,2023-12-23 04:47:47,10.5,Night (IR Flash)
69,002377.jpg,PTR-VIL-PAO-03,Paoni Edge,village_edge,CRITICAL,21.513131,79.221955,PTZ / AI Camera,Paoni,0.53,2023-12-23 05:14:13,9.6,Dawn / Dusk
81,000313.jpg,PTR-CORE-EP-10,East Pench,core_forest,SAFE,21.68109,79.290452,Camera Trap (Wildlife),,7.39,2023-12-23 05:53:21,11.1,Night (IR Flash)
217,001489.jpg,PTR-CORE-CHB-18,Chorbahuli,core_forest,SAFE,21.663148,79.227476,Camera Trap (Wildlife),,10.36,2023-12-23 06:41:34,8.2,Dawn / Dusk
64,004246.jpg,PTR-CORE-CHB-24,Chorbahuli,core_forest,SAFE,21.679568,79.258934,Camera Trap (Wildlife),,8.03,2023-12-23 11:01:14,19.2,Daylight
100,002862.jpg,PTR-CORE-EP-11,East Pench,core_forest,SAFE,21.680872,79.33933,Camera Trap (Wildlife),,5.01,2023-12-23 16:39:57,20.3,Daylight
246,000915.jpg,PTR-CORE-CHB-02,Chorbahuli,core_forest,SAFE,21.618076,79.24599,Camera Trap (Wildlife),,11.69,2023-12-23 17:22:01,21.2,Dawn / Dusk
130,004899.jpg,PTR-CORE-CHB-18,Chorbahuli,core_forest,SAFE,21.66358,79.227414,Camera Trap (Wildlife),,10.36,2023-12-23 19:23:33,21.6,Dawn / Dusk
60,001330.jpg,PTR-CORE-EP-10,East Pench,core_forest,SAFE,21.681036,79.289983,Camera Trap (Wildlife),,7.39,2023-12-23 19:27:00,21.8,Night (IR Flash)
91,000368.jpg,PTR-CORE-CHB-21,Chorbahuli,core_forest,SAFE,21.639849,79.232992,Camera Trap (Wildlife),,12.34,2023-12-23 22:36:12,7.3,Night (IR Flash)
139,002806.jpg,PTR-CORE-CHB-12,Chorbahuli,core_forest,SAFE,21.611588,79.275709,Camera Trap (Wildlife),,10.62,2023-12-23 23:17:26,11.4,Night (IR Flash)
115,004546.jpg,PTR-CORE-CHB-06,Chorbahuli,core_forest,SAFE,21.673725,79.272681,Camera Trap (Wildlife),,8.76,2023-12-24 05:36:00,7.3,Dawn / Dusk
129,000712.jpg,PTR-CORE-WP-11,West Pench,core_forest,SAFE,21.693174,79.195306,Camera Trap (Wildlife),,6.33,2023-12-24 13:12:53,21.2,Daylight
22,002566.jpg,PTR-CORE-EP-01,East Pench,core_forest,SAFE,21.663549,79.291574,Camera Trap (Wildlife),,9.19,2023-12-24 14:27:07,19.4,Daylight
181,000268.jpg,PTR-VIL-KAR-02,Karegaon Edge,village_edge,CRITICAL,21.759988,79.280405,PTZ / AI Camera,Karegaon,0.42,2023-12-24 20:10:54,11.8,Night (IR Flash)
151,002470.jpg,PTR-CORE-WP-06,West Pench,core_forest,SAFE,21.675719,79.203697,Camera Trap (Wildlife),,8.39,2023-12-24 20:24:20,8.9,Night (IR Flash)
249,004619.jpg,PTR-CORE-SAL-04,Saleghat,core_forest,SAFE,21.6301,79.195116,Camera Trap (Wildlife),,9.29,2023-12-24 21:02:15,8.5,Night (IR Flash)
3,000316.jpg,PTR-CORE-SAL-11,Saleghat,core_forest,SAFE,21.592256,79.170428,Camera Trap (Wildlife),,4.39,2023-12-25 01:30:44,8.0,Night (IR Flash)
172,002434.jpg,PTR-CORE-SAL-09,Saleghat,core_forest,SAFE,21.58678,79.204462,Camera Trap (Wildlife),,6.15,2023-12-25 01:46:24,11.6,Night (IR Flash)
88,004351.jpg,PTR-CORE-DEV-12,Devalapar,core_forest,SAFE,21.699924,79.230249,Camera Trap (Wildlife),,6.6,2023-12-25 02:35:24,11.4,Night (IR Flash)
28,003490.jpg,PTR-CORE-CHB-17,Chorbahuli,core_forest,SAFE,21.61453,79.265613,Camera Trap (Wildlife),,11.52,2023-12-25 02:35:31,10.2,Night (IR Flash)
264,003551.jpg,PTR-CORE-WP-08,West Pench,core_forest,SAFE,21.677153,79.186357,Camera Trap (Wildlife),,7.55,2023-12-25 05:44:05,11.5,Night (IR Flash)
267,004872.jpg,PTR-CORE-EP-06,East Pench,core_forest,SAFE,21.621924,79.325365,Camera Trap (Wildlife),,6.24,2023-12-25 12:45:09,23.0,Daylight
57,001249.jpg,PTR-CORE-EP-14,East Pench,core_forest,SAFE,21.609538,79.296366,Camera Trap (Wildlife),,8.69,2023-12-25 14:53:29,22.2,Daylight
25,000095.jpg,PTR-CORE-EP-26,East Pench,core_forest,SAFE,21.636615,79.304964,Camera Trap (Wildlife),,8.73,2023-12-25 17:46:54,23.7,Dawn / Dusk
216,002255.jpg,PTR-COR-NH44-13,NH-44 Corridor,buffer,CAUTION,21.548791,79.261165,Camera Trap (Wildlife),,5.67,2023-12-25 19:48:43,20.5,Night (IR Flash)
271,003333.jpg,PTR-CORE-CHB-19,Chorbahuli,core_forest,SAFE,21.643601,79.25337,Camera Trap (Wildlife),,12.09,2023-12-26 02:51:27,11.5,Night (IR Flash)
136,001321.jpg,PTR-CORE-CHB-04,Chorbahuli,core_forest,SAFE,21.671461,79.236213,Camera Trap (Wildlife),,9.3,2023-12-26 03:06:00,8.8,Night (IR Flash)
168,003708.jpg,PTR-CORE-EP-11,East Pench,core_forest,SAFE,21.680514,79.338836,Camera Trap (Wildlife),,5.01,2023-12-26 05:24:01,11.8,Night (IR Flash)
97,002893.jpg,PTR-CORE-WP-07,West Pench,core_forest,SAFE,21.720264,79.145219,Camera Trap (Wildlife),,1.89,2023-12-26 05:48:09,9.8,Night (IR Flash)
30,004173.jpg,PTR-BUF-W-04,West Buffer,buffer,CAUTION,21.627668,79.13873,CCTV / Solar Camera,,4.27,2023-12-26 10:09:10,23.5,Daylight
100,001477.jpg,PTR-CORE-DEV-21,Devalapar,core_forest,SAFE,21.739415,79.246869,Camera Trap (Wildlife),,1.92,2023-12-26 16:13:37,20.2,Daylight
154,003064.jpg,PTR-CORE-CHB-08,Chorbahuli,core_forest,SAFE,21.652408,79.229324,Camera Trap (Wildlife),,11.48,2023-12-26 17:47:56,20.2,Dawn / Dusk
220,002754.jpg,PTR-CORE-EP-18,East Pench,core_forest,SAFE,21.637602,79.328435,Camera Trap (Wildlife),,6.48,2023-12-26 19:01:35,21.1,Night (IR Flash)
259,000780.jpg,PTR-CORE-CHB-17,Chorbahuli,core_forest,SAFE,21.614841,79.265288,Camera Trap (Wildlife),,11.52,2023-12-26 19:13:33,22.9,Night (IR Flash)
267,002450.jpg,PTR-CORE-EP-18,East Pench,core_forest,SAFE,21.637601,79.328974,Camera Trap (Wildlife),,6.48,2023-12-26 19:31:30,21.4,Night (IR Flash)
268,000137.jpg,PTR-CORE-EP-17,East Pench,core_forest,SAFE,21.653823,79.357652,Camera Trap (Wildlife),,3.82,2023-12-26 20:26:56,8.4,Night (IR Flash)
153,004739.jpg,PTR-CORE-WP-10,West Pench,core_forest,SAFE,21.725953,79.18043,Camera Trap (Wildlife),,2.61,2023-12-26 22:59:36,8.7,Night (IR Flash)
153,004433.jpg,PTR-CORE-WP-11,West Pench,core_forest,SAFE,21.693437,79.19455,Camera Trap (Wildlife),,6.33,2023-12-27 10:45:28,21.0,Daylight
160,001358.jpg,PTR-CORE-SAL-16,Saleghat,core_forest,SAFE,21.5983,79.190358,Camera Trap (Wildlife),,5.97,2023-12-27 16:38:33,22.9,Daylight
132,003975.jpg,PTR-CORE-EP-01,East Pench,core_forest,SAFE,21.663727,79.291497,Camera Trap (Wildlife),,9.19,2023-12-27 19:45:53,20.4,Night (IR Flash)
181,002004.jpg,PTR-CORE-EP-17,East Pench,core_forest,SAFE,21.653412,79.357762,Camera Trap (Wildlife),,3.82,2023-12-27 21:10:01,10.2,Night (IR Flash)
25,001826.jpg,PTR-CORE-EP-18,East Pench,core_forest,SAFE,21.637849,79.328362,Camera Trap (Wildlife),,6.48,2023-12-27 23:49:17,11.6,Night (IR Flash)
160,003861.jpg,PTR-CORE-CHB-05,Chorbahuli,core_forest,SAFE,21.645359,79.230753,Camera Trap (Wildlife),,12.25,2023-12-28 00:10:06,7.8,Night (IR Flash)
213,000285.jpg,PTR-CORE-DEV-12,Devalapar,core_forest,SAFE,21.699796,79.229907,Camera Trap (Wildlife),,6.6,2023-12-28 00:14:04,8.9,Night (IR Flash)
43,003277.jpg,PTR-CORE-DEV-17,Devalapar,core_forest,SAFE,21.6897,79.218149,Camera Trap (Wildlife),,7.55,2023-12-28 00:34:29,8.7,Night (IR Flash)
66,001931.jpg,PTR-CORE-EP-16,East Pench,core_forest,SAFE,21.680376,79.341054,Camera Trap (Wildlife),,4.79,2023-12-28 05:25:54,10.3,Dawn / Dusk
246,000009.jpg,PTR-CORE-SAL-15,Saleghat,core_forest,SAFE,21.627487,79.179403,Camera Trap (Wildlife),,8.46,2023-12-28 06:04:52,8.8,Dawn / Dusk
274,001213.jpg,PTR-CORE-WP-15,West Pench,core_forest,SAFE,21.710667,79.186997,Camera Trap (Wildlife),,4.26,2023-12-28 07:54:50,23.6,Dawn / Dusk
6,004041.jpg,PTR-CORE-SAL-18,Saleghat,core_forest,SAFE,21.594902,79.195712,Camera Trap (Wildlife),,6.16,2023-12-28 10:34:39,20.5,Daylight
25,000953.jpg,PTR-CORE-EP-14,East Pench,core_forest,SAFE,21.60919,79.297168,Camera Trap (Wildlife),,8.69,2023-12-28 20:07:30,9.7,Night (IR Flash)
252,002360.jpg,PTR-CORE-EP-22,East Pench,core_forest,SAFE,21.622556,79.310208,Camera Trap (Wildlife),,7.79,2023-12-28 22:00:11,9.2,Night (IR Flash)
27,002143.jpg,PTR-CORE-DEV-11,Devalapar,core_forest,SAFE,21.735765,79.242889,Camera Trap (Wildlife),,2.58,2023-12-28 22:09:00,10.5,Night (IR Flash)
249,004004.jpg,PTR-CORE-SAL-06,Saleghat,core_forest,SAFE,21.619638,79.154599,Camera Trap (Wildlife),,5.87,2023-12-28 22:09:17,9.0,Night (IR Flash)
261,002579.jpg,PTR-CORE-DEV-19,Devalapar,core_forest,SAFE,21.728619,79.240507,Camera Trap (Wildlife),,3.3,2023-12-29 06:17:45,9.4,Dawn / Dusk
177,002079.jpg,PTR-CORE-WP-12,West Pench,core_forest,SAFE,21.716124,79.153159,Camera Trap (Wildlife),,2.69,2023-12-29 07:42:02,20.4,Dawn / Dusk
172,002593.jpg,PTR-CORE-SAL-10,Saleghat,core_forest,SAFE,21.57845,79.191978,Camera Trap (Wildlife),,4.63,2023-12-29 19:01:04,22.1,Night (IR Flash)
168,001846.jpg,PTR-CORE-EP-03,East Pench,core_forest,SAFE,21.674027,79.337193,Camera Trap (Wildlife),,5.45,2023-12-29 19:44:22,20.5,Night (IR Flash)
72,002130.jpg,PTR-CORE-DEV-21,Devalapar,core_forest,SAFE,21.739763,79.246612,Camera Trap (Wildlife),,1.92,2023-12-29 20:23:58,11.6,Night (IR Flash)
255,000880.jpg,PTR-CORE-CHB-22,Chorbahuli,core_forest,SAFE,21.647511,79.263643,Camera Trap (Wildlife),,11.58,2023-12-30 00:49:23,8.1,Night (IR Flash)
129,004424.jpg,PTR-CORE-WP-05,West Pench,core_forest,SAFE,21.66545,79.184264,Camera Trap (Wildlife),,8.32,2023-12-30 03:26:09,8.2,Night (IR Flash)
223,001444.jpg,PTR-CORE-DEV-22,Devalapar,core_forest,SAFE,21.738475,79.266619,Camera Trap (Wildlife),,1.66,2023-12-30 03:35:33,7.5,Night (IR Flash)
259,004817.jpg,PTR-CORE-WP-02,West Pench,core_forest,SAFE,21.668577,79.156113,Camera Trap (Wildlife),,5.38,2023-12-30 06:58:03,9.5,Dawn / Dusk
33,001807.jpg,PTR-CORE-DEV-20,Devalapar,core_forest,SAFE,21.688897,79.237493,Camera Trap (Wildlife),,7.41,2023-12-30 15:29:29,20.1,Daylight
145,001080.jpg,PTR-CORE-CHB-09,Chorbahuli,core_forest,SAFE,21.663817,79.251958,Camera Trap (Wildlife),,9.87,2023-12-30 20:06:29,8.1,Night (IR Flash)
246,004900.jpg,PTR-CORE-SAL-05,Saleghat,core_forest,SAFE,21.627392,79.200801,Camera Trap (Wildlife),,9.35,2023-12-30 23:03:10,9.0,Night (IR Flash)
271,001451.jpg,PTR-CORE-DEV-01,Devalapar,core_forest,SAFE,21.694773,79.259234,Camera Trap (Wildlife),,6.39,2023-12-31 00:04:44,11.3,Night (IR Flash)
222,000968.jpg,PTR-CORE-SAL-10,Saleghat,core_forest,SAFE,21.578498,79.191833,Camera Trap (Wildlife),,4.63,2023-12-31 00:27:38,8.3,Night (IR Flash)
33,004826.jpg,PTR-CORE-WP-17,West Pench,core_forest,SAFE,21.688405,79.163496,Camera Trap (Wildlife),,5.57,2023-12-31 01:46:29,10.4,Night (IR Flash)
244,003811.jpg,PTR-CORE-WP-17,West Pench,core_forest,SAFE,21.688533,79.163348,Camera Trap (Wildlife),,5.57,2023-12-31 03:08:24,9.0,Night (IR Flash)
51,004395.jpg,PTR-CORE-DEV-20,Devalapar,core_forest,SAFE,21.688166,79.238363,Camera Trap (Wildlife),,7.41,2023-12-31 03:37:20,8.2,Night (IR Flash)
160,003557.jpg,PTR-VIL-KHU-01,Khursapar Edge,village_edge,CRITICAL,21.562316,79.112397,PTZ / AI Camera,Khursapar,0.73,2023-12-31 05:16:53,11.5,Night (IR Flash)
136,003642.jpg,PTR-CORE-EP-01,East Pench,core_forest,SAFE,21.663688,79.291829,Camera Trap (Wildlife),,9.19,2023-12-31 13:41:23,22.2,Daylight
160,002986.jpg,PTR-CORE-CHB-12,Chorbahuli,core_forest,SAFE,21.611141,79.27589,Camera Trap (Wildlife),,10.62,2023-12-31 15:47:56,20.0,Daylight
34,002896.jpg,PTR-CORE-CHB-09,Chorbahuli,core_forest,SAFE,21.66315,79.252862,Camera Trap (Wildlife),,9.87,2023-12-31 19:17:51,22.1,Night (IR Flash)
255,001158.jpg,PTR-CORE-EP-19,East Pench,core_forest,SAFE,21.683183,79.332846,Camera Trap (Wildlife),,5.49,2023-12-31 19:35:26,22.8,Dawn / Dusk
268,003752.jpg,PTR-CORE-EP-22,East Pench,core_forest,SAFE,21.622367,79.309961,Camera Trap (Wildlife),,7.79,2023-12-31 20:32:28,11.4,Night (IR Flash)
55,000716.jpg,PTR-CORE-DEV-22,Devalapar,core_forest,SAFE,21.738485,79.266152,Camera Trap (Wildlife),,1.66,2023-12-31 23:01:41,8.1,Night (IR Flash)
246,003876.jpg,PTR-CORE-SAL-14,Saleghat,core_forest,SAFE,21.571204,79.163058,Camera Trap (Wildlife),,1.93,2023-12-31 23:56:01,8.7,Night (IR Flash)
160,003817.jpg,PTR-CORE-SAL-02,Saleghat,core_forest,SAFE,21.590764,79.196961,Camera Trap (Wildlife),,5.87,2024-01-01 06:19:12,9.3,Dawn / Dusk
160,003120.jpg,PTR-CORE-SAL-05,Saleghat,core_forest,SAFE,21.627702,79.20092,Camera Trap (Wildlife),,9.35,2024-01-01 07:11:24,23.0,Dawn / Dusk
51,000453.jpg,PTR-CORE-DEV-09,Devalapar,core_forest,SAFE,21.733368,79.234053,Camera Trap (Wildlife),,2.98,2024-01-01 17:26:07,23.6,Dawn / Dusk
108,001198.jpg,PTR-CORE-DEV-13,Devalapar,core_forest,SAFE,21.715433,79.23053,Camera Trap (Wildlife),,4.92,2024-01-01 19:54:30,18.1,Dawn / Dusk
160,003933.jpg,PTR-CORE-CHB-11,Chorbahuli,core_forest,SAFE,21.610045,79.239002,Camera Trap (Wildlife),,10.63,2024-01-01 20:45:46,8.8,Night (IR Flash)
54,004007.jpg,PTR-CORE-EP-01,East Pench,core_forest,SAFE,21.663842,79.291833,Camera Trap (Wildlife),,9.19,2024-01-02 02:33:40,10.3,Night (IR Flash)
244,000015.jpg,PTR-CORE-WP-19,West Pench,core_forest,SAFE,21.673068,79.170917,Camera Trap (Wildlife),,6.88,2024-01-02 03:35:58,9.9,Night (IR Flash)
39,004370.jpg,PTR-CORE-DEV-02,Devalapar,core_forest,SAFE,21.69432,79.23825,Camera Trap (Wildlife),,6.83,2024-01-02 05:17:01,9.5,Night (IR Flash)
153,003354.jpg,PTR-CORE-DEV-09,Devalapar,core_forest,SAFE,21.733012,79.233921,Camera Trap (Wildlife),,2.98,2024-01-02 08:45:19,19.9,Daylight
153,002322.jpg,PTR-CORE-DEV-22,Devalapar,core_forest,SAFE,21.738437,79.266361,Camera Trap (Wildlife),,1.66,2024-01-02 10:23:46,22.4,Daylight
217,005143.jpg,PTR-CORE-CHB-17,Chorbahuli,core_forest,SAFE,21.614955,79.265899,Camera Trap (Wildlife),,11.52,2024-01-02 10:48:59,20.9,Daylight
0,002788.jpg,PTR-CORE-WP-02,West Pench,core_forest,SAFE,21.668297,79.155267,Camera Trap (Wildlife),,5.38,2024-01-02 16:36:29,18.2,Daylight
160,001539.jpg,PTR-CORE-CHB-14,Chorbahuli,core_forest,SAFE,21.631475,79.223145,Camera Trap (Wildlife),,11.04,2024-01-02 16:43:38,18.3,Daylight
187,000922.jpg,PTR-CORE-EP-17,East Pench,core_forest,SAFE,21.653325,79.357994,Camera Trap (Wildlife),,3.82,2024-01-02 19:08:23,21.0,Night (IR Flash)
154,001549.jpg,PTR-CORE-WP-03,West Pench,core_forest,SAFE,21.684106,79.180983,Camera Trap (Wildlife),,6.62,2024-01-02 19:27:30,19.6,Night (IR Flash)
172,001653.jpg,PTR-CORE-SAL-16,Saleghat,core_forest,SAFE,21.597702,79.190066,Camera Trap (Wildlife),,5.97,2024-01-02 19:58:58,22.0,Night (IR Flash)
90,002459.jpg,PTR-CORE-WP-15,West Pench,core_forest,SAFE,21.711454,79.187228,Camera Trap (Wildlife),,4.26,2024-01-02 21:18:54,10.8,Night (IR Flash)
154,000284.jpg,PTR-CORE-WP-08,West Pench,core_forest,SAFE,21.676291,79.186422,Camera Trap (Wildlife),,7.55,2024-01-02 22:02:57,8.1,Night (IR Flash)
213,004949.jpg,PTR-CORE-DEV-06,Devalapar,core_forest,SAFE,21.697402,79.217355,Camera Trap (Wildlife),,6.71,2024-01-02 23:17:36,9.8,Night (IR Flash)
97,004382.jpg,PTR-CORE-WP-19,West Pench,core_forest,SAFE,21.672919,79.17125,Camera Trap (Wildlife),,6.88,2024-01-02 23:20:44,9.3,Night (IR Flash)
22,001250.jpg,PTR-CORE-EP-16,East Pench,core_forest,SAFE,21.68024,79.341064,Camera Trap (Wildlife),,4.79,2024-01-03 01:37:32,10.8,Night (IR Flash)
256,000852.jpg,PTR-BUF-PAO-19,Paoni Buffer,buffer,CAUTION,21.521198,79.225549,CCTV / Solar Camera,,1.38,2024-01-03 04:06:18,11.9,Night (IR Flash)
153,000612.jpg,PTR-CORE-EP-19,East Pench,core_forest,SAFE,21.683302,79.333277,Camera Trap (Wildlife),,5.49,2024-01-03 04:28:40,11.0,Night (IR Flash)
78,001032.jpg,PTR-CORE-SAL-18,Saleghat,core_forest,SAFE,21.595227,79.196164,Camera Trap (Wildlife),,6.16,2024-01-03 08:54:01,22.5,Daylight
178,004259.jpg,PTR-CORE-CHB-21,Chorbahuli,core_forest,SAFE,21.639467,79.232813,Camera Trap (Wildlife),,12.34,2024-01-03 11:34:07,18.0,Daylight
267,004883.jpg,PTR-CORE-EP-22,East Pench,core_forest,SAFE,21.623276,79.310555,Camera Trap (Wildlife),,7.79,2024-01-03 17:45:29,19.1,Dawn / Dusk
271,005027.jpg,PTR-CORE-EP-28,East Pench,core_forest,SAFE,21.665261,79.332256,Camera Trap (Wildlife),,6.35,2024-01-03 18:08:29,21.6,Dawn / Dusk
142,000294.jpg,PTR-CORE-WP-13,West Pench,core_forest,SAFE,21.666986,79.169778,Camera Trap (Wildlife),,6.87,2024-01-03 21:11:41,7.4,Night (IR Flash)
81,002263.jpg,PTR-CORE-DEV-08,Devalapar,core_forest,SAFE,21.696505,79.271855,Camera Trap (Wildlife),,6.26,2024-01-03 23:20:35,9.4,Night (IR Flash)
237,004777.jpg,PTR-CORE-CHB-24,Chorbahuli,core_forest,SAFE,21.679388,79.259291,Camera Trap (Wildlife),,8.03,2024-01-04 05:04:27,8.9,Dawn / Dusk
45,001141.jpg,PTR-CORE-CHB-03,Chorbahuli,core_forest,SAFE,21.642253,79.276891,Camera Trap (Wildlife),,11.58,2024-01-04 18:51:50,22.6,Dawn / Dusk
91,000361.jpg,PTR-CORE-CHB-16,Chorbahuli,core_forest,SAFE,21.61619,79.249409,Camera Trap (Wildlife),,11.83,2024-01-04 19:29:01,18.4,Night (IR Flash)
114,001342.jpg,PTR-CORE-CHB-01,Chorbahuli,core_forest,SAFE,21.628291,79.25891,Camera Trap (Wildlife),,13.16,2024-01-04 19:38:00,21.7,Night (IR Flash)
96,002045.jpg,PTR-CORE-CHB-10,Chorbahuli,core_forest,SAFE,21.664635,79.25135,Camera Trap (Wildlife),,9.75,2024-01-04 20:28:48,10.1,Night (IR Flash)
243,003683.jpg,PTR-CORE-EP-23,East Pench,core_forest,SAFE,21.60783,79.306442,Camera Trap (Wildlife),,7.73,2024-01-04 21:16:25,11.0,Night (IR Flash)
151,001512.jpg,PTR-CORE-CHB-14,Chorbahuli,core_forest,SAFE,21.631757,79.223901,Camera Trap (Wildlife),,11.04,2024-01-04 23:31:17,8.7,Night (IR Flash)
51,004502.jpg,PTR-CORE-DEV-24,Devalapar,core_forest,SAFE,21.722644,79.24717,Camera Trap (Wildlife),,3.53,2024-01-05 00:57:16,10.0,Night (IR Flash)
273,000530.jpg,PTR-CORE-CHB-14,Chorbahuli,core_forest,SAFE,21.631759,79.223935,Camera Trap (Wildlife),,11.04,2024-01-05 02:49:07,9.9,Night (IR Flash)
252,004910.jpg,PTR-CORE-EP-05,East Pench,core_forest,SAFE,21.642335,79.292476,Camera Trap (Wildlife),,10.14,2024-01-05 04:26:07,7.0,Night (IR Flash)
153,001750.jpg,PTR-CORE-DEV-02,Devalapar,core_forest,SAFE,21.694481,79.238246,Camera Trap (Wildlife),,6.83,2024-01-05 05:12:02,10.1,Night (IR Flash)
160,000232.jpg,PTR-CORE-CHB-05,Chorbahuli,core_forest,SAFE,21.644624,79.230473,Camera Trap (Wildlife),,12.25,2024-01-05 05:57:10,10.0,Night (IR Flash)
168,002635.jpg,PTR-CORE-EP-18,East Pench,core_forest,SAFE,21.637598,79.328833,Camera Trap (Wildlife),,6.48,2024-01-05 06:44:59,8.7,Dawn / Dusk
82,001274.jpg,PTR-CORE-CHB-22,Chorbahuli,core_forest,SAFE,21.647561,79.2637,Camera Trap (Wildlife),,11.58,2024-01-05 07:55:42,21.1,Dawn / Dusk
168,000370.jpg,PTR-CORE-EP-28,East Pench,core_forest,SAFE,21.665092,79.332628,Camera Trap (Wildlife),,6.35,2024-01-05 10:47:14,22.1,Daylight
96,003325.jpg,PTR-CORE-CHB-15,Chorbahuli,core_forest,SAFE,21.671511,79.276753,Camera Trap (Wildlife),,8.85,2024-01-05 13:03:52,20.6,Daylight
273,001886.jpg,PTR-CORE-CHB-22,Chorbahuli,core_forest,SAFE,21.647551,79.263339,Camera Trap (Wildlife),,11.58,2024-01-05 13:47:01,20.6,Daylight
213,002340.jpg,PTR-CORE-DEV-20,Devalapar,core_forest,SAFE,21.688946,79.237846,Camera Trap (Wildlife),,7.41,2024-01-05 19:33:14,18.2,Night (IR Flash)
271,003742.jpg,PTR-CORE-EP-03,East Pench,core_forest,SAFE,21.673568,79.336929,Camera Trap (Wildlife),,5.45,2024-01-05 22:21:55,7.4,Night (IR Flash)
198,004338.jpg,PTR-CORE-CHB-17,Chorbahuli,core_forest,SAFE,21.614634,79.265921,Camera Trap (Wildlife),,11.52,2024-01-06 02:57:24,10.5,Night (IR Flash)
160,002071.jpg,PTR-CORE-CHB-02,Chorbahuli,core_forest,SAFE,21.617974,79.246483,Camera Trap (Wildlife),,11.69,2024-01-06 06:52:28,7.1,Dawn / Dusk
153,001513.jpg,PTR-CORE-DEV-24,Devalapar,core_forest,SAFE,21.722716,79.247398,Camera Trap (Wildlife),,3.53,2024-01-06 08:07:07,21.7,Daylight
246,004549.jpg,PTR-CORE-SAL-06,Saleghat,core_forest,SAFE,21.61978,79.155135,Camera Trap (Wildlife),,5.87,2024-01-06 10:14:40,19.0,Daylight
45,003221.jpg,PTR-CORE-EP-21,East Pench,core_forest,SAFE,21.67022,79.292853,Camera Trap (Wildlife),,8.45,2024-01-06 17:12:20,20.7,Dawn / Dusk
213,003253.jpg,PTR-CORE-DEV-12,Devalapar,core_forest,SAFE,21.699884,79.23027,Camera Trap (Wildlife),,6.6,2024-01-06 19:03:01,23.5,Night (IR Flash)
42,001936.jpg,PTR-CORE-CHB-11,Chorbahuli,core_forest,SAFE,21.610232,79.238953,Camera Trap (Wildlife),,10.63,2024-01-06 19:55:38,21.8,Dawn / Dusk
238,001799.jpg,PTR-CORE-SAL-16,Saleghat,core_forest,SAFE,21.598375,79.189483,Camera Trap (Wildlife),,5.97,2024-01-07 00:34:22,10.0,Night (IR Flash)
237,004290.jpg,PTR-CORE-EP-17,East Pench,core_forest,SAFE,21.654012,79.357652,Camera Trap (Wildlife),,3.82,2024-01-07 05:50:01,10.3,Dawn / Dusk
55,001701.jpg,PTR-CORE-CHB-15,Chorbahuli,core_forest,SAFE,21.671464,79.276943,Camera Trap (Wildlife),,8.85,2024-01-07 11:21:17,22.1,Daylight
208,004497.jpg,PTR-CORE-WP-04,West Pench,core_forest,SAFE,21.676163,79.155709,Camera Trap (Wildlife),,5.21,2024-01-07 19:07:15,19.8,Night (IR Flash)
27,004858.jpg,PTR-CORE-DEV-18,Devalapar,core_forest,SAFE,21.690589,79.252375,Camera Trap (Wildlife),,6.81,2024-01-07 19:19:13,23.0,Night (IR Flash)
12,003323.jpg,PTR-CORE-EP-24,East Pench,core_forest,SAFE,21.609786,79.308984,Camera Trap (Wildlife),,7.53,2024-01-07 19:51:41,18.6,Night (IR Flash)
126,000178.jpg,PTR-CORE-CHB-21,Chorbahuli,core_forest,SAFE,21.639763,79.232372,Camera Trap (Wildlife),,12.34,2024-01-08 15:03:07,21.0,Daylight
27,003262.jpg,PTR-CORE-DEV-15,Devalapar,core_forest,SAFE,21.706707,79.22803,Camera Trap (Wildlife),,5.82,2024-01-08 19:21:12,20.2,Dawn / Dusk
244,000252.jpg,PTR-CORE-WP-04,West Pench,core_forest,SAFE,21.675912,79.15506,Camera Trap (Wildlife),,5.21,2024-01-08 23:30:59,7.7,Night (IR Flash)
160,002867.jpg,PTR-CORE-CHB-08,Chorbahuli,core_forest,SAFE,21.652238,79.229305,Camera Trap (Wildlife),,11.48,2024-01-09 04:11:29,9.8,Night (IR Flash)
97,004616.jpg,PTR-CORE-WP-12,West Pench,core_forest,SAFE,21.716832,79.15326,Camera Trap (Wildlife),,2.69,2024-01-09 04:49:32,10.1,Night (IR Flash)
237,004787.jpg,PTR-CORE-EP-20,East Pench,core_forest,SAFE,21.68655,79.330669,Camera Trap (Wildlife),,5.71,2024-01-09 07:03:19,22.4,Dawn / Dusk
139,002230.jpg,PTR-CORE-EP-14,East Pench,core_forest,SAFE,21.609099,79.296509,Camera Trap (Wildlife),,8.69,2024-01-09 16:14:20,23.6,Daylight
237,001781.jpg,PTR-CORE-EP-05,East Pench,core_forest,SAFE,21.642514,79.292151,Camera Trap (Wildlife),,10.14,2024-01-09 19:06:21,21.6,Dawn / Dusk
22,001096.jpg,PTR-CORE-EP-01,East Pench,core_forest,SAFE,21.663837,79.291418,Camera Trap (Wildlife),,9.19,2024-01-09 19:32:32,23.4,Night (IR Flash)
178,003065.jpg,PTR-CORE-DEV-07,Devalapar,core_forest,SAFE,21.702588,79.231451,Camera Trap (Wildlife),,6.27,2024-01-09 19:40:00,22.6,Dawn / Dusk
78,002364.jpg,PTR-CORE-SAL-09,Saleghat,core_forest,SAFE,21.586788,79.204065,Camera Trap (Wildlife),,6.15,2024-01-09 21:06:00,7.0,Night (IR Flash)
151,002487.jpg,PTR-CORE-CHB-24,Chorbahuli,core_forest,SAFE,21.680104,79.258645,Camera Trap (Wildlife),,8.03,2024-01-10 01:07:46,8.3,Night (IR Flash)
202,004731.jpg,PTR-CORE-DEV-12,Devalapar,core_forest,SAFE,21.699149,79.230167,Camera Trap (Wildlife),,6.6,2024-01-10 01:25:10,11.2,Night (IR Flash)
250,003657.jpg,PTR-CORE-SAL-03,Saleghat,core_forest,SAFE,21.598527,79.147837,Camera Trap (Wildlife),,4.68,2024-01-10 03:12:51,9.0,Night (IR Flash)
153,000201.jpg,PTR-BUF-N-10,North Buffer,buffer,CAUTION,21.742852,79.166292,Camera Trap (Wildlife),,0.69,2024-01-10 03:21:40,9.5,Night (IR Flash)
168,002173.jpg,PTR-CORE-EP-17,East Pench,core_forest,SAFE,21.653355,79.357834,Camera Trap (Wildlife),,3.82,2024-01-10 15:13:10,18.0,Daylight
267,004768.jpg,PTR-CORE-EP-09,East Pench,core_forest,SAFE,21.621773,79.331385,Camera Trap (Wildlife),,5.65,2024-01-10 16:45:56,23.5,Daylight
66,003910.jpg,PTR-CORE-EP-20,East Pench,core_forest,SAFE,21.686109,79.330048,Camera Trap (Wildlife),,5.71,2024-01-10 17:17:10,20.9,Dawn / Dusk
265,002082.jpg,PTR-CORE-EP-15,East Pench,core_forest,SAFE,21.685083,79.331884,Camera Trap (Wildlife),,5.55,2024-01-10 19:37:33,22.2,Night (IR Flash)
22,001819.jpg,PTR-CORE-EP-18,East Pench,core_forest,SAFE,21.637784,79.328553,Camera Trap (Wildlife),,6.48,2024-01-10 19:55:35,21.7,Dawn / Dusk
172,000670.jpg,PTR-CORE-SAL-17,Saleghat,core_forest,SAFE,21.563568,79.179717,Camera Trap (Wildlife),,2.77,2024-01-10 21:45:54,12.0,Night (IR Flash)
13,004784.jpg,PTR-CORE-CHB-01,Chorbahuli,core_forest,SAFE,21.628749,79.258225,Camera Trap (Wildlife),,13.16,2024-01-10 22:14:14,8.9,Night (IR Flash)
268,004775.jpg,PTR-CORE-EP-27,East Pench,core_forest,SAFE,21.626259,79.355955,Camera Trap (Wildlife),,3.44,2024-01-10 23:00:27,9.7,Night (IR Flash)
216,002080.jpg,PTR-CORE-CHB-24,Chorbahuli,core_forest,SAFE,21.67958,79.258707,Camera Trap (Wildlife),,8.03,2024-01-10 23:55:45,9.7,Night (IR Flash)
136,003887.jpg,PTR-CORE-EP-08,East Pench,core_forest,SAFE,21.664815,79.327954,Camera Trap (Wildlife),,6.74,2024-01-11 00:19:53,9.3,Night (IR Flash)
154,004256.jpg,PTR-CORE-CHB-04,Chorbahuli,core_forest,SAFE,21.671719,79.2354,Camera Trap (Wildlife),,9.3,2024-01-11 06:07:42,7.3,Dawn / Dusk
39,000618.jpg,PTR-CORE-DEV-12,Devalapar,core_forest,SAFE,21.69912,79.229537,Camera Trap (Wildlife),,6.6,2024-01-11 08:31:20,23.4,Daylight
153,003437.jpg,PTR-CORE-SAL-12,Saleghat,core_forest,SAFE,21.627171,79.2047,Camera Trap (Wildlife),,9.49,2024-01-11 11:23:28,21.7,Daylight
250,001416.jpg,PTR-CORE-WP-06,West Pench,core_forest,SAFE,21.676126,79.203506,Camera Trap (Wildlife),,8.39,2024-01-11 11:52:49,20.9,Daylight
247,005155.jpg,PTR-CORE-SAL-11,Saleghat,core_forest,SAFE,21.591792,79.170443,Camera Trap (Wildlife),,4.39,2024-01-11 22:54:07,7.7,Night (IR Flash)
39,002833.jpg,PTR-CORE-DEV-10,Devalapar,core_forest,SAFE,21.720919,79.239208,Camera Trap (Wildlife),,4.07,2024-01-12 00:51:44,7.7,Night (IR Flash)
153,002739.jpg,PTR-CORE-DEV-01,Devalapar,core_forest,SAFE,21.694629,79.259194,Camera Trap (Wildlife),,6.39,2024-01-12 03:13:06,9.2,Night (IR Flash)
12,001758.jpg,PTR-CORE-CHB-17,Chorbahuli,core_forest,SAFE,21.614379,79.265786,Camera Trap (Wildlife),,11.52,2024-01-12 04:24:00,9.1,Night (IR Flash)
153,000105.jpg,PTR-CORE-CHB-10,Chorbahuli,core_forest,SAFE,21.664096,79.251879,Camera Trap (Wildlife),,9.75,2024-01-12 05:04:47,11.6,Night (IR Flash)
249,004928.jpg,PTR-CORE-SAL-15,Saleghat,core_forest,SAFE,21.62812,79.180164,Camera Trap (Wildlife),,8.46,2024-01-12 05:34:32,9.7,Night (IR Flash)
64,002141.jpg,PTR-CORE-DEV-08,Devalapar,core_forest,SAFE,21.696469,79.271311,Camera Trap (Wildlife),,6.26,2024-01-12 10:56:23,22.0,Daylight
55,003151.jpg,PTR-CORE-DEV-05,Devalapar,core_forest,SAFE,21.731795,79.261966,Camera Trap (Wildlife),,2.3,2024-01-12 14:40:18,22.2,Daylight
259,000671.jpg,PTR-CORE-SAL-07,Saleghat,core_forest,SAFE,21.594326,79.15762,Camera Trap (Wildlife),,4.34,2024-01-12 14:46:28,21.1,Daylight
153,002936.jpg,PTR-CORE-CHB-05,Chorbahuli,core_forest,SAFE,21.645102,79.230615,Camera Trap (Wildlife),,12.25,2024-01-12 19:00:08,20.5,Night (IR Flash)
142,003362.jpg,PTR-CORE-WP-01,West Pench,core_forest,SAFE,21.690893,79.176493,Camera Trap (Wildlife),,5.73,2024-01-12 19:45:28,23.3,Night (IR Flash)
34,003522.jpg,PTR-CORE-WP-15,West Pench,core_forest,SAFE,21.711218,79.187261,Camera Trap (Wildlife),,4.26,2024-01-12 20:18:01,8.1,Night (IR Flash)
3,001408.jpg,PTR-CORE-SAL-03,Saleghat,core_forest,SAFE,21.598792,79.147753,Camera Trap (Wildlife),,4.68,2024-01-13 00:59:55,7.2,Night (IR Flash)
265,004684.jpg,PTR-CORE-EP-19,East Pench,core_forest,SAFE,21.683379,79.333055,Camera Trap (Wildlife),,5.49,2024-01-13 02:14:56,11.2,Night (IR Flash)
151,001810.jpg,PTR-CORE-WP-08,West Pench,core_forest,SAFE,21.676942,79.18655,Camera Trap (Wildlife),,7.55,2024-01-13 02:44:44,7.9,Night (IR Flash)
160,003113.jpg,PTR-CORE-CHB-05,Chorbahuli,core_forest,SAFE,21.645163,79.230958,Camera Trap (Wildlife),,12.25,2024-01-13 05:11:32,7.5,Dawn / Dusk
91,001464.jpg,PTR-CORE-WP-02,West Pench,core_forest,SAFE,21.668593,79.156107,Camera Trap (Wildlife),,5.38,2024-01-13 06:00:12,10.5,Dawn / Dusk
220,001584.jpg,PTR-CORE-EP-16,East Pench,core_forest,SAFE,21.680613,79.340584,Camera Trap (Wildlife),,4.79,2024-01-13 17:10:59,23.2,Dawn / Dusk
171,004416.jpg,PTR-CORE-SAL-08,Saleghat,core_forest,SAFE,21.588159,79.148877,Camera Trap (Wildlife),,3.73,2024-01-13 17:23:21,20.8,Dawn / Dusk
160,001135.jpg,PTR-CORE-WP-02,West Pench,core_forest,SAFE,21.668339,79.155494,Camera Trap (Wildlife),,5.38,2024-01-13 20:17:58,9.5,Night (IR Flash)
246,001395.jpg,PTR-CORE-SAL-13,Saleghat,core_forest,SAFE,21.598577,79.188147,Camera Trap (Wildlife),,5.95,2024-01-13 20:33:13,8.0,Night (IR Flash)
69,003076.jpg,PTR-CORE-EP-07,East Pench,core_forest,SAFE,21.602944,79.303505,Camera Trap (Wildlife),,7.71,2024-01-13 21:27:52,9.4,Night (IR Flash)
76,002447.jpg,PTR-CORE-DEV-18,Devalapar,core_forest,SAFE,21.691216,79.252557,Camera Trap (Wildlife),,6.81,2024-01-13 21:35:20,11.7,Night (IR Flash)
243,002720.jpg,PTR-CORE-CHB-12,Chorbahuli,core_forest,SAFE,21.611378,79.275763,Camera Trap (Wildlife),,10.62,2024-01-13 23:24:17,8.3,Night (IR Flash)
250,001510.jpg,PTR-CORE-WP-02,West Pench,core_forest,SAFE,21.668649,79.155615,Camera Trap (Wildlife),,5.38,2024-01-14 02:59:22,10.8,Night (IR Flash)
247,000582.jpg,PTR-CORE-SAL-07,Saleghat,core_forest,SAFE,21.594287,79.15763,Camera Trap (Wildlife),,4.34,2024-01-14 07:45:16,22.7,Dawn / Dusk
201,004637.jpg,PTR-CORE-DEV-09,Devalapar,core_forest,SAFE,21.732733,79.23428,Camera Trap (Wildlife),,2.98,2024-01-14 13:26:48,23.3,Daylight
249,003948.jpg,PTR-CORE-SAL-15,Saleghat,core_forest,SAFE,21.6278,79.179742,Camera Trap (Wildlife),,8.46,2024-01-14 14:25:27,20.3,Daylight
265,004438.jpg,PTR-CORE-EP-08,East Pench,core_forest,SAFE,21.664512,79.328581,Camera Trap (Wildlife),,6.74,2024-01-14 14:38:56,20.8,Daylight
43,002791.jpg,PTR-CORE-WP-05,West Pench,core_forest,SAFE,21.664855,79.183862,Camera Trap (Wildlife),,8.32,2024-01-14 19:47:08,20.9,Dawn / Dusk
126,004640.jpg,PTR-CORE-CHB-08,Chorbahuli,core_forest,SAFE,21.652857,79.229247,Camera Trap (Wildlife),,11.48,2024-01-14 20:52:39,9.1,Night (IR Flash)
172,001916.jpg,PTR-CORE-SAL-01,Saleghat,core_forest,SAFE,21.577844,79.200462,Camera Trap (Wildlife),,5.3,2024-01-14 21:22:35,7.0,Night (IR Flash)
253,004548.jpg,PTR-CORE-SAL-10,Saleghat,core_forest,SAFE,21.578334,79.192335,Camera Trap (Wildlife),,4.63,2024-01-14 21:56:17,7.4,Night (IR Flash)
142,000707.jpg,PTR-CORE-WP-14,West Pench,core_forest,SAFE,21.689604,79.172447,Camera Trap (Wildlife),,5.74,2024-01-14 21:59:01,8.4,Night (IR Flash)
202,000159.jpg,PTR-CORE-DEV-15,Devalapar,core_forest,SAFE,21.706853,79.228035,Camera Trap (Wildlife),,5.82,2024-01-14 22:05:41,10.3,Night (IR Flash)
13,003187.jpg,PTR-CORE-EP-02,East Pench,core_forest,SAFE,21.62722,79.305299,Camera Trap (Wildlife),,8.35,2024-01-15 00:52:20,11.0,Night (IR Flash)
160,002578.jpg,PTR-CORE-SAL-15,Saleghat,core_forest,SAFE,21.627579,79.179502,Camera Trap (Wildlife),,8.46,2024-01-15 01:02:39,10.6,Night (IR Flash)
168,000677.jpg,PTR-CORE-EP-25,East Pench,core_forest,SAFE,21.664049,79.315885,Camera Trap (Wildlife),,7.96,2024-01-15 03:35:30,11.8,Night (IR Flash)
256,004937.jpg,PTR-CORE-DEV-13,Devalapar,core_forest,SAFE,21.716106,79.230672,Camera Trap (Wildlife),,4.92,2024-01-15 18:36:41,22.0,Dawn / Dusk
222,004490.jpg,PTR-CORE-SAL-15,Saleghat,core_forest,SAFE,21.627597,79.18022,Camera Trap (Wildlife),,8.46,2024-01-15 20:56:57,8.2,Night (IR Flash)
6,000538.jpg,PTR-CORE-CHB-16,Chorbahuli,core_forest,SAFE,21.616087,79.248808,Camera Trap (Wildlife),,11.83,2024-01-15 23:31:42,11.6,Night (IR Flash)
160,001360.jpg,PTR-CORE-CHB-14,Chorbahuli,core_forest,SAFE,21.631612,79.223915,Camera Trap (Wildlife),,11.04,2024-01-16 00:13:26,9.0,Night (IR Flash)
72,000974.jpg,PTR-CORE-CHB-09,Chorbahuli,core_forest,SAFE,21.663405,79.252687,Camera Trap (Wildlife),,9.87,2024-01-16 01:36:47,8.4,Night (IR Flash)
229,004834.jpg,PTR-CORE-SAL-05,Saleghat,core_forest,SAFE,21.627537,79.200444,Camera Trap (Wildlife),,9.35,2024-01-16 05:59:51,9.8,Dawn / Dusk
237,002265.jpg,PTR-CORE-CHB-22,Chorbahuli,core_forest,SAFE,21.647407,79.264062,Camera Trap (Wildlife),,11.58,2024-01-16 11:36:43,18.9,Daylight
12,002624.jpg,PTR-BUF-N-15,North Buffer,buffer,CAUTION,21.738917,79.245475,Camera Trap (Wildlife),,2.1,2024-01-16 12:42:31,20.9,Daylight
64,003891.jpg,PTR-CORE-CHB-06,Chorbahuli,core_forest,SAFE,21.673561,79.272531,Camera Trap (Wildlife),,8.76,2024-01-16 16:12:35,19.8,Daylight
160,005014.jpg,PTR-CORE-WP-19,West Pench,core_forest,SAFE,21.673732,79.171364,Camera Trap (Wildlife),,6.88,2024-01-16 19:33:54,20.6,Night (IR Flash)
96,004922.jpg,PTR-CORE-EP-10,East Pench,core_forest,SAFE,21.681061,79.290387,Camera Trap (Wildlife),,7.39,2024-01-16 21:26:15,11.1,Night (IR Flash)
51,003115.jpg,PTR-CORE-DEV-24,Devalapar,core_forest,SAFE,21.722031,79.247387,Camera Trap (Wildlife),,3.53,2024-01-16 23:02:23,7.2,Night (IR Flash)
126,001128.jpg,PTR-COR-NH44-14,NH-44 Corridor,buffer,CAUTION,21.621685,79.268724,CCTV / Solar Camera,,11.86,2024-01-17 02:36:39,10.0,Night (IR Flash)
55,003771.jpg,PTR-CORE-DEV-19,Devalapar,core_forest,SAFE,21.729054,79.240087,Camera Trap (Wildlife),,3.3,2024-01-17 07:28:31,22.4,Dawn / Dusk
247,003960.jpg,PTR-CORE-SAL-14,Saleghat,core_forest,SAFE,21.570713,79.162774,Camera Trap (Wildlife),,1.93,2024-01-17 09:58:53,21.9,Daylight
153,001994.jpg,PTR-CORE-WP-08,West Pench,core_forest,SAFE,21.676524,79.186719,Camera Trap (Wildlife),,7.55,2024-01-17 11:57:30,21.9,Daylight
196,004430.jpg,PTR-BUF-NAG-24,Nagalwadi Buffer,buffer,CAUTION,21.527116,79.316973,CCTV / Solar Camera,,1.4,2024-01-17 19:38:44,18.1,Dawn / Dusk
132,003946.jpg,PTR-CORE-EP-03,East Pench,core_forest,SAFE,21.674037,79.337713,Camera Trap (Wildlife),,5.45,2024-01-17 19:41:40,19.4,Night (IR Flash)
39,003045.jpg,PTR-CORE-DEV-04,Devalapar,core_forest,SAFE,21.715904,79.255604,Camera Trap (Wildlife),,4.06,2024-01-17 23:14:59,7.4,Night (IR Flash)
136,004463.jpg,PTR-CORE-CHB-10,Chorbahuli,core_forest,SAFE,21.664268,79.251745,Camera Trap (Wildlife),,9.75,2024-01-18 00:33:43,9.9,Night (IR Flash)
261,000227.jpg,PTR-CORE-SAL-07,Saleghat,core_forest,SAFE,21.593572,79.157565,Camera Trap (Wildlife),,4.34,2024-01-18 00:54:05,8.8,Night (IR Flash)
246,002552.jpg,PTR-CORE-WP-04,West Pench,core_forest,SAFE,21.676001,79.155373,Camera Trap (Wildlife),,5.21,2024-01-18 00:55:14,11.9,Night (IR Flash)
129,002094.jpg,PTR-CORE-WP-02,West Pench,core_forest,SAFE,21.668196,79.156041,Camera Trap (Wildlife),,5.38,2024-01-18 05:13:59,10.4,Night (IR Flash)
243,001914.jpg,PTR-CORE-CHB-12,Chorbahuli,core_forest,SAFE,21.611292,79.275368,Camera Trap (Wildlife),,10.62,2024-01-18 07:40:19,22.1,Dawn / Dusk
238,004240.jpg,PTR-CORE-WP-16,West Pench,core_forest,SAFE,21.729105,79.147062,Camera Trap (Wildlife),,1.74,2024-01-18 10:36:40,19.8,Daylight
3,005046.jpg,PTR-CORE-SAL-14,Saleghat,core_forest,SAFE,21.570843,79.162508,Camera Trap (Wildlife),,1.93,2024-01-18 16:48:33,23.4,Daylight
178,003957.jpg,PTR-CORE-WP-13,West Pench,core_forest,SAFE,21.666748,79.170292,Camera Trap (Wildlife),,6.87,2024-01-18 16:52:57,18.2,Daylight
153,002503.jpg,PTR-CORE-EP-05,East Pench,core_forest,SAFE,21.641794,79.291728,Camera Trap (Wildlife),,10.14,2024-01-19 02:00:09,9.2,Night (IR Flash)
195,004278.jpg,PTR-CORE-SAL-05,Saleghat,core_forest,SAFE,21.62811,79.200575,Camera Trap (Wildlife),,9.35,2024-01-19 02:18:35,9.0,Night (IR Flash)
22,003644.jpg,PTR-BUF-W-09,West Buffer,buffer,CAUTION,21.623233,79.107148,CCTV / Solar Camera,,1.06,2024-01-19 06:15:29,11.3,Dawn / Dusk
208,001551.jpg,PTR-CORE-SAL-02,Saleghat,core_forest,SAFE,21.591102,79.197118,Camera Trap (Wildlife),,5.87,2024-01-19 19:34:44,23.4,Night (IR Flash)
267,002932.jpg,PTR-BUF-NAG-10,Nagalwadi Buffer,buffer,CAUTION,21.523515,79.318731,CCTV / Solar Camera,,1.36,2024-01-19 21:16:15,10.3,Night (IR Flash)
160,002652.jpg,PTR-CORE-SAL-12,Saleghat,core_forest,SAFE,21.626802,79.204326,Camera Trap (Wildlife),,9.49,2024-01-20 02:30:21,8.5,Night (IR Flash)
246,000240.jpg,PTR-CORE-CHB-08,Chorbahuli,core_forest,SAFE,21.652226,79.228674,Camera Trap (Wildlife),,11.48,2024-01-20 04:20:53,8.6,Night (IR Flash)
240,001743.jpg,PTR-CORE-CHB-12,Chorbahuli,core_forest,SAFE,21.611565,79.275428,Camera Trap (Wildlife),,10.62,2024-01-20 05:28:31,10.7,Night (IR Flash)
187,004598.jpg,PTR-CORE-CHB-22,Chorbahuli,core_forest,SAFE,21.648209,79.263706,Camera Trap (Wildlife),,11.58,2024-01-20 05:44:15,9.8,Dawn / Dusk
178,000899.jpg,PTR-CORE-SAL-09,Saleghat,core_forest,SAFE,21.586456,79.20404,Camera Trap (Wildlife),,6.15,2024-01-20 05:45:22,9.7,Night (IR Flash)
57,000511.jpg,PTR-CORE-EP-01,East Pench,core_forest,SAFE,21.6635,79.291607,Camera Trap (Wildlife),,9.19,2024-01-20 07:42:25,20.3,Dawn / Dusk
201,003560.jpg,PTR-CORE-CHB-24,Chorbahuli,core_forest,SAFE,21.679681,79.259259,Camera Trap (Wildlife),,8.03,2024-01-20 09:08:53,18.6,Daylight
222,003051.jpg,PTR-CORE-SAL-13,Saleghat,core_forest,SAFE,21.59851,79.187958,Camera Trap (Wildlife),,5.95,2024-01-20 12:03:12,19.0,Daylight
24,001907.jpg,PTR-CORE-EP-17,East Pench,core_forest,SAFE,21.653794,79.357921,Camera Trap (Wildlife),,3.82,2024-01-20 19:20:54,18.1,Dawn / Dusk
223,003135.jpg,PTR-CORE-DEV-17,Devalapar,core_forest,SAFE,21.689955,79.218176,Camera Trap (Wildlife),,7.55,2024-01-20 19:25:19,22.2,Night (IR Flash)
153,004419.jpg,PTR-CORE-CHB-14,Chorbahuli,core_forest,SAFE,21.631641,79.223425,Camera Trap (Wildlife),,11.04,2024-01-20 20:32:20,9.6,Night (IR Flash)
249,004229.jpg,PTR-CORE-WP-03,West Pench,core_forest,SAFE,21.684145,79.180941,Camera Trap (Wildlife),,6.62,2024-01-20 22:17:56,11.0,Night (IR Flash)
240,002582.jpg,PTR-CORE-CHB-07,Chorbahuli,core_forest,SAFE,21.630754,79.257926,Camera Trap (Wildlife),,13.21,2024-01-20 23:10:04,10.6,Night (IR Flash)
238,004727.jpg,PTR-CORE-CHB-01,Chorbahuli,core_forest,SAFE,21.628667,79.258504,Camera Trap (Wildlife),,13.16,2024-01-21 02:23:31,10.5,Night (IR Flash)
247,000405.jpg,PTR-BUF-PAO-04,Paoni Buffer,buffer,CAUTION,21.561664,79.220264,Camera Trap (Wildlife),,5.61,2024-01-21 02:34:36,7.1,Night (IR Flash)
187,001764.jpg,PTR-COR-NH44-09,NH-44 Corridor,buffer,CAUTION,21.669716,79.262987,CCTV / Solar Camera,,9.19,2024-01-21 03:21:20,8.3,Night (IR Flash)
82,000217.jpg,PTR-CORE-CHB-23,Chorbahuli,core_forest,SAFE,21.62444,79.238258,Camera Trap (Wildlife),,11.54,2024-01-21 03:52:27,10.5,Night (IR Flash)
273,001870.jpg,PTR-CORE-EP-25,East Pench,core_forest,SAFE,21.663932,79.31584,Camera Trap (Wildlife),,7.96,2024-01-21 04:17:54,11.3,Night (IR Flash)
114,003364.jpg,PTR-CORE-EP-23,East Pench,core_forest,SAFE,21.608245,79.306287,Camera Trap (Wildlife),,7.73,2024-01-21 05:42:25,11.9,Night (IR Flash)
154,000423.jpg,PTR-CORE-CHB-13,Chorbahuli,core_forest,SAFE,21.671447,79.269863,Camera Trap (Wildlife),,8.99,2024-01-21 05:44:37,10.0,Night (IR Flash)
273,002479.jpg,PTR-CORE-EP-02,East Pench,core_forest,SAFE,21.627021,79.305206,Camera Trap (Wildlife),,8.35,2024-01-21 06:58:22,9.2,Dawn / Dusk
60,001693.jpg,PTR-CORE-EP-16,East Pench,core_forest,SAFE,21.680518,79.341195,Camera Trap (Wildlife),,4.79,2024-01-21 18:18:11,21.0,Dawn / Dusk
253,002269.jpg,PTR-CORE-SAL-16,Saleghat,core_forest,SAFE,21.597932,79.189888,Camera Trap (Wildlife),,5.97,2024-01-21 22:05:51,9.5,Night (IR Flash)
238,002532.jpg,PTR-CORE-SAL-18,Saleghat,core_forest,SAFE,21.595607,79.19601,Camera Trap (Wildlife),,6.16,2024-01-21 22:55:46,7.3,Night (IR Flash)
261,000981.jpg,PTR-CORE-EP-01,East Pench,core_forest,SAFE,21.663758,79.292166,Camera Trap (Wildlife),,9.19,2024-01-22 00:47:45,9.9,Night (IR Flash)
100,001950.jpg,PTR-CORE-EP-05,East Pench,core_forest,SAFE,21.642652,79.292098,Camera Trap (Wildlife),,10.14,2024-01-22 04:07:09,9.3,Night (IR Flash)
136,000905.jpg,PTR-CORE-CHB-15,Chorbahuli,core_forest,SAFE,21.671555,79.27674,Camera Trap (Wildlife),,8.85,2024-01-22 10:05:10,21.6,Daylight
145,001557.jpg,PTR-CORE-DEV-12,Devalapar,core_forest,SAFE,21.699562,79.229779,Camera Trap (Wildlife),,6.6,2024-01-22 10:49:24,20.1,Daylight
114,000988.jpg,PTR-CORE-EP-16,East Pench,core_forest,SAFE,21.68053,79.340732,Camera Trap (Wildlife),,4.79,2024-01-22 19:47:52,22.4,Dawn / Dusk
81,005126.jpg,PTR-CORE-CHB-10,Chorbahuli,core_forest,SAFE,21.6649,79.251781,Camera Trap (Wildlife),,9.75,2024-01-22 21:52:25,7.3,Night (IR Flash)
153,004808.jpg,PTR-CORE-DEV-15,Devalapar,core_forest,SAFE,21.706679,79.227686,Camera Trap (Wildlife),,5.82,2024-01-23 01:19:48,7.4,Night (IR Flash)
261,001548.jpg,PTR-CORE-CHB-05,Chorbahuli,core_forest,SAFE,21.645033,79.23078,Camera Trap (Wildlife),,12.25,2024-01-23 01:38:48,11.2,Night (IR Flash)
39,003035.jpg,PTR-CORE-DEV-07,Devalapar,core_forest,SAFE,21.701878,79.231554,Camera Trap (Wildlife),,6.27,2024-01-23 02:40:44,10.5,Night (IR Flash)
142,004117.jpg,PTR-CORE-WP-05,West Pench,core_forest,SAFE,21.664761,79.183699,Camera Trap (Wildlife),,8.32,2024-01-23 05:16:35,9.3,Night (IR Flash)
0,003791.jpg,PTR-CORE-DEV-16,Devalapar,core_forest,SAFE,21.739731,79.245849,Camera Trap (Wildlife),,2.01,2024-01-23 05:25:43,7.6,Dawn / Dusk
154,004111.jpg,PTR-CORE-WP-11,West Pench,core_forest,SAFE,21.692734,79.194931,Camera Trap (Wildlife),,6.33,2024-01-23 05:42:54,11.9,Dawn / Dusk
253,000091.jpg,PTR-CORE-CHB-21,Chorbahuli,core_forest,SAFE,21.63964,79.232487,Camera Trap (Wildlife),,12.34,2024-01-23 05:43:53,8.4,Night (IR Flash)
154,003915.jpg,PTR-CORE-SAL-04,Saleghat,core_forest,SAFE,21.630063,79.194743,Camera Trap (Wildlife),,9.29,2024-01-23 06:38:31,10.0,Dawn / Dusk
267,001934.jpg,PTR-CORE-EP-12,East Pench,core_forest,SAFE,21.634001,79.301282,Camera Trap (Wildlife),,9.0,2024-01-23 12:14:46,19.5,Daylight
238,002249.jpg,PTR-CORE-DEV-12,Devalapar,core_forest,SAFE,21.699197,79.229716,Camera Trap (Wildlife),,6.6,2024-01-23 14:25:10,23.9,Daylight
106,004267.jpg,PTR-CORE-DEV-05,Devalapar,core_forest,SAFE,21.73111,79.262058,Camera Trap (Wildlife),,2.3,2024-01-23 17:40:41,19.1,Dawn / Dusk
154,001538.jpg,PTR-BUF-N-06,North Buffer,buffer,CAUTION,21.754263,79.173006,CCTV / Solar Camera,,2.1,2024-01-23 18:26:36,20.0,Dawn / Dusk
243,003407.jpg,PTR-CORE-EP-26,East Pench,core_forest,SAFE,21.636543,79.304821,Camera Trap (Wildlife),,8.73,2024-01-23 19:24:31,18.0,Night (IR Flash)
45,001856.jpg,PTR-CORE-CHB-13,Chorbahuli,core_forest,SAFE,21.671225,79.269812,Camera Trap (Wildlife),,8.99,2024-01-23 21:36:36,7.5,Night (IR Flash)
139,004530.jpg,PTR-CORE-CHB-19,Chorbahuli,core_forest,SAFE,21.643383,79.253475,Camera Trap (Wildlife),,12.09,2024-01-23 21:56:22,8.9,Night (IR Flash)
115,004017.jpg,PTR-CORE-DEV-17,Devalapar,core_forest,SAFE,21.68994,79.217601,Camera Trap (Wildlife),,7.55,2024-01-23 22:51:13,8.9,Night (IR Flash)
40,004453.jpg,PTR-CORE-SAL-11,Saleghat,core_forest,SAFE,21.592123,79.16998,Camera Trap (Wildlife),,4.39,2024-01-24 00:06:17,11.0,Night (IR Flash)
255,000487.jpg,PTR-CORE-DEV-08,Devalapar,core_forest,SAFE,21.696968,79.271659,Camera Trap (Wildlife),,6.26,2024-01-24 01:26:03,7.2,Night (IR Flash)
124,004427.jpg,PTR-CORE-WP-01,West Pench,core_forest,SAFE,21.690184,79.175848,Camera Trap (Wildlife),,5.73,2024-01-24 03:05:05,12.0,Night (IR Flash)
177,001814.jpg,PTR-CORE-WP-12,West Pench,core_forest,SAFE,21.716171,79.15354,Camera Trap (Wildlife),,2.69,2024-01-24 03:10:00,7.0,Night (IR Flash)
160,001399.jpg,PTR-CORE-SAL-13,Saleghat,core_forest,SAFE,21.598406,79.188544,Camera Trap (Wildlife),,5.95,2024-01-24 05:43:53,9.6,Night (IR Flash)
237,004904.jpg,PTR-CORE-EP-10,East Pench,core_forest,SAFE,21.680589,79.290753,Camera Trap (Wildlife),,7.39,2024-01-24 07:58:21,22.7,Dawn / Dusk
30,001415.jpg,PTR-CORE-SAL-11,Saleghat,core_forest,SAFE,21.591489,79.170341,Camera Trap (Wildlife),,4.39,2024-01-24 17:17:44,19.0,Dawn / Dusk
160,003918.jpg,PTR-CORE-WP-05,West Pench,core_forest,SAFE,21.665165,79.184352,Camera Trap (Wildlife),,8.32,2024-01-25 00:14:59,11.7,Night (IR Flash)
247,004023.jpg,PTR-CORE-SAL-15,Saleghat,core_forest,SAFE,21.627314,79.180113,Camera Trap (Wildlife),,8.46,2024-01-25 02:12:09,7.4,Night (IR Flash)
54,002842.jpg,PTR-CORE-WP-03,West Pench,core_forest,SAFE,21.683394,79.181511,Camera Trap (Wildlife),,6.62,2024-01-25 03:47:51,7.8,Night (IR Flash)
108,000733.jpg,PTR-CORE-SAL-04,Saleghat,core_forest,SAFE,21.629524,79.19535,Camera Trap (Wildlife),,9.29,2024-01-25 05:47:32,8.6,Night (IR Flash)
244,001116.jpg,PTR-CORE-WP-17,West Pench,core_forest,SAFE,21.687843,79.163296,Camera Trap (Wildlife),,5.57,2024-01-25 13:30:18,21.7,Daylight
132,000327.jpg,PTR-CORE-EP-08,East Pench,core_forest,SAFE,21.665051,79.328436,Camera Trap (Wildlife),,6.74,2024-01-25 15:21:48,23.3,Daylight
25,003365.jpg,PTR-CORE-EP-02,East Pench,core_forest,SAFE,21.627973,79.306079,Camera Trap (Wildlife),,8.35,2024-01-25 19:52:55,19.7,Night (IR Flash)
223,000246.jpg,PTR-COR-NH44-14,NH-44 Corridor,buffer,CAUTION,21.621888,79.269456,CCTV / Solar Camera,,11.86,2024-01-25 22:54:46,7.3,Night (IR Flash)
28,003309.jpg,PTR-CORE-EP-03,East Pench,core_forest,SAFE,21.673511,79.337264,Camera Trap (Wildlife),,5.45,2024-01-25 23:50:02,11.6,Night (IR Flash)
160,004294.jpg,PTR-CORE-CHB-24,Chorbahuli,core_forest,SAFE,21.679655,79.25863,Camera Trap (Wildlife),,8.03,2024-01-26 04:20:01,11.7,Night (IR Flash)
222,004651.jpg,PTR-CORE-SAL-11,Saleghat,core_forest,SAFE,21.591627,79.169955,Camera Trap (Wildlife),,4.39,2024-01-26 10:41:41,20.8,Daylight
160,002769.jpg,PTR-CORE-SAL-18,Saleghat,core_forest,SAFE,21.595457,79.196004,Camera Trap (Wildlife),,6.16,2024-01-26 12:51:48,21.5,Daylight
172,002596.jpg,PTR-CORE-SAL-17,Saleghat,core_forest,SAFE,21.563878,79.179568,Camera Trap (Wildlife),,2.77,2024-01-26 13:08:09,21.6,Daylight
54,003849.jpg,PTR-BUF-N-06,North Buffer,buffer,CAUTION,21.754664,79.173616,CCTV / Solar Camera,,2.1,2024-01-26 19:42:04,19.3,Dawn / Dusk
246,003163.jpg,PTR-CORE-SAL-06,Saleghat,core_forest,SAFE,21.619826,79.155445,Camera Trap (Wildlife),,5.87,2024-01-26 19:47:50,21.7,Night (IR Flash)
55,004408.jpg,PTR-CORE-DEV-24,Devalapar,core_forest,SAFE,21.722685,79.247581,Camera Trap (Wildlife),,3.53,2024-01-26 19:49:01,22.7,Night (IR Flash)
243,002270.jpg,PTR-CORE-EP-02,East Pench,core_forest,SAFE,21.627434,79.305687,Camera Trap (Wildlife),,8.35,2024-01-26 22:34:21,9.5,Night (IR Flash)
265,001344.jpg,PTR-CORE-EP-04,East Pench,core_forest,SAFE,21.68919,79.296467,Camera Trap (Wildlife),,6.36,2024-01-27 00:28:59,10.6,Night (IR Flash)
259,004767.jpg,PTR-BUF-PAO-05,Paoni Buffer,buffer,CAUTION,21.544039,79.208204,CCTV / Solar Camera,,3.34,2024-01-27 03:10:45,11.4,Night (IR Flash)
145,003911.jpg,PTR-CORE-CHB-18,Chorbahuli,core_forest,SAFE,21.663293,79.228038,Camera Trap (Wildlife),,10.36,2024-01-27 05:18:37,11.0,Dawn / Dusk
6,003739.jpg,PTR-CORE-CHB-03,Chorbahuli,core_forest,SAFE,21.641866,79.277197,Camera Trap (Wildlife),,11.58,2024-01-27 06:12:03,7.3,Dawn / Dusk
273,002349.jpg,PTR-CORE-CHB-03,Chorbahuli,core_forest,SAFE,21.641663,79.277644,Camera Trap (Wildlife),,11.58,2024-01-27 16:31:13,20.3,Daylight
1,001888.jpg,PTR-CORE-CHB-20,Chorbahuli,core_forest,SAFE,21.628064,79.272259,Camera Trap (Wildlife),,11.75,2024-01-27 19:15:14,18.6,Night (IR Flash)
240,002388.jpg,PTR-CORE-CHB-19,Chorbahuli,core_forest,SAFE,21.64296,79.253335,Camera Trap (Wildlife),,12.09,2024-01-28 05:38:24,11.2,Night (IR Flash)
154,001181.jpg,PTR-CORE-WP-15,West Pench,core_forest,SAFE,21.711456,79.186827,Camera Trap (Wildlife),,4.26,2024-01-28 06:39:35,7.6,Dawn / Dusk
178,002818.jpg,PTR-CORE-SAL-12,Saleghat,core_forest,SAFE,21.627321,79.205096,Camera Trap (Wildlife),,9.49,2024-01-28 19:04:19,21.6,Night (IR Flash)
115,003033.jpg,PTR-COR-NH44-14,NH-44 Corridor,buffer,CAUTION,21.622396,79.268952,CCTV / Solar Camera,,11.86,2024-01-29 01:04:02,11.9,Night (IR Flash)
249,004595.jpg,PTR-CORE-WP-08,West Pench,core_forest,SAFE,21.677107,79.186834,Camera Trap (Wildlife),,7.55,2024-01-29 05:03:25,10.1,Night (IR Flash)
34,003689.jpg,PTR-CORE-WP-15,West Pench,core_forest,SAFE,21.710644,79.186816,Camera Trap (Wildlife),,4.26,2024-01-29 05:34:57,7.9,Night (IR Flash)
153,000753.jpg,PTR-BUF-PAO-01,Paoni Buffer,buffer,CAUTION,21.51829,79.252239,Camera Trap (Wildlife),,2.44,2024-01-29 12:57:26,23.1,Daylight
139,003194.jpg,PTR-BUF-PAO-13,Paoni Buffer,buffer,CAUTION,21.533858,79.21823,CCTV / Solar Camera,,2.68,2024-01-29 15:59:18,22.0,Daylight
160,000355.jpg,PTR-CORE-SAL-06,Saleghat,core_forest,SAFE,21.619671,79.154877,Camera Trap (Wildlife),,5.87,2024-01-29 23:56:53,7.8,Night (IR Flash)
237,003254.jpg,PTR-CORE-CHB-11,Chorbahuli,core_forest,SAFE,21.610054,79.239103,Camera Trap (Wildlife),,10.63,2024-01-30 01:31:12,11.6,Night (IR Flash)
247,003177.jpg,PTR-CORE-SAL-12,Saleghat,core_forest,SAFE,21.626712,79.204649,Camera Trap (Wildlife),,9.49,2024-01-30 04:20:14,9.7,Night (IR Flash)
198,001586.jpg,PTR-CORE-CHB-01,Chorbahuli,core_forest,SAFE,21.628824,79.258711,Camera Trap (Wildlife),,13.16,2024-01-30 05:07:50,7.4,Night (IR Flash)
94,000037.jpg,PTR-CORE-SAL-02,Saleghat,core_forest,SAFE,21.590913,79.196598,Camera Trap (Wildlife),,5.87,2024-01-30 07:28:19,20.6,Dawn / Dusk
175,002886.jpg,PTR-CORE-EP-22,East Pench,core_forest,SAFE,21.622332,79.31016,Camera Trap (Wildlife),,7.79,2024-01-30 13:48:18,23.2,Daylight
3,002695.jpg,PTR-CORE-SAL-08,Saleghat,core_forest,SAFE,21.588009,79.148776,Camera Trap (Wildlife),,3.73,2024-01-30 14:40:28,22.4,Daylight
154,000685.jpg,PTR-CORE-WP-17,West Pench,core_forest,SAFE,21.688593,79.163974,Camera Trap (Wildlife),,5.57,2024-01-30 16:50:07,21.1,Daylight
237,003761.jpg,PTR-CORE-EP-25,East Pench,core_forest,SAFE,21.663838,79.315668,Camera Trap (Wildlife),,7.96,2024-01-30 17:57:38,19.7,Dawn / Dusk
160,002729.jpg,PTR-CORE-SAL-05,Saleghat,core_forest,SAFE,21.627377,79.200615,Camera Trap (Wildlife),,9.35,2024-01-30 21:36:55,9.3,Night (IR Flash)
160,000739.jpg,PTR-CORE-CHB-10,Chorbahuli,core_forest,SAFE,21.66421,79.251399,Camera Trap (Wildlife),,9.75,2024-01-30 22:42:41,8.3,Night (IR Flash)
54,003486.jpg,PTR-CORE-DEV-01,Devalapar,core_forest,SAFE,21.693918,79.259138,Camera Trap (Wildlife),,6.39,2024-01-31 02:21:19,10.2,Night (IR Flash)
153,000925.jpg,PTR-CORE-CHB-05,Chorbahuli,core_forest,SAFE,21.645417,79.23034,Camera Trap (Wildlife),,12.25,2024-01-31 03:58:15,7.5,Night (IR Flash)
66,005003.jpg,PTR-CORE-EP-16,East Pench,core_forest,SAFE,21.680347,79.341002,Camera Trap (Wildlife),,4.79,2024-01-31 11:07:12,19.7,Daylight
154,002047.jpg,PTR-CORE-CHB-21,Chorbahuli,core_forest,SAFE,21.639396,79.232491,Camera Trap (Wildlife),,12.34,2024-01-31 21:01:25,8.7,Night (IR Flash)
160,004917.jpg,PTR-CORE-CHB-14,Chorbahuli,core_forest,SAFE,21.631267,79.223494,Camera Trap (Wildlife),,11.04,2024-01-31 21:18:04,9.3,Night (IR Flash)
39,004184.jpg,PTR-COR-NH44-09,NH-44 Corridor,buffer,CAUTION,21.669345,79.263001,CCTV / Solar Camera,,9.19,2024-01-31 22:52:40,10.0,Night (IR Flash)
249,004662.jpg,PTR-CORE-SAL-05,Saleghat,core_forest,SAFE,21.627678,79.200245,Camera Trap (Wildlife),,9.35,2024-02-01 03:33:35,7.7,Night (IR Flash)
181,000094.jpg,PTR-CORE-EP-09,East Pench,core_forest,SAFE,21.622149,79.330987,Camera Trap (Wildlife),,5.65,2024-02-01 07:47:49,21.5,Dawn / Dusk
249,004591.jpg,PTR-CORE-WP-05,West Pench,core_forest,SAFE,21.664492,79.183751,Camera Trap (Wildlife),,8.32,2024-02-01 11:25:06,20.9,Daylight
97,000044.jpg,PTR-CORE-WP-11,West Pench,core_forest,SAFE,21.692657,79.194824,Camera Trap (Wildlife),,6.33,2024-02-01 13:05:26,20.1,Daylight
246,002492.jpg,PTR-CORE-SAL-04,Saleghat,core_forest,SAFE,21.630207,79.195498,Camera Trap (Wildlife),,9.29,2024-02-01 18:08:42,23.4,Dawn / Dusk
117,000755.jpg,PTR-BUF-NAG-03,Nagalwadi Buffer,buffer,CAUTION,21.553625,79.251502,CCTV / Solar Camera,,5.84,2024-02-01 21:04:30,7.8,Night (IR Flash)
151,001098.jpg,PTR-COR-NH44-05,NH-44 Corridor,buffer,CAUTION,21.661212,79.261078,Camera Trap (Wildlife),,10.09,2024-02-01 21:30:28,9.9,Night (IR Flash)
28,000562.jpg,PTR-CORE-EP-12,East Pench,core_forest,SAFE,21.633874,79.301233,Camera Trap (Wildlife),,9.0,2024-02-01 21:58:07,11.7,Night (IR Flash)
217,004170.jpg,PTR-CORE-WP-08,West Pench,core_forest,SAFE,21.676678,79.186992,Camera Trap (Wildlife),,7.55,2024-02-02 00:19:45,10.3,Night (IR Flash)
57,001930.jpg,PTR-CORE-EP-14,East Pench,core_forest,SAFE,21.609188,79.29672,Camera Trap (Wildlife),,8.69,2024-02-02 04:20:23,11.6,Night (IR Flash)
249,004244.jpg,PTR-CORE-SAL-06,Saleghat,core_forest,SAFE,21.619024,79.154886,Camera Trap (Wildlife),,5.87,2024-02-02 06:05:20,11.7,Dawn / Dusk
240,002861.jpg,PTR-CORE-CHB-19,Chorbahuli,core_forest,SAFE,21.643622,79.252684,Camera Trap (Wildlife),,12.09,2024-02-02 09:30:31,22.5,Daylight
268,003906.jpg,PTR-CORE-EP-21,East Pench,core_forest,SAFE,21.670901,79.29313,Camera Trap (Wildlife),,8.45,2024-02-02 10:10:52,21.4,Daylight
240,000861.jpg,PTR-CORE-CHB-12,Chorbahuli,core_forest,SAFE,21.611704,79.275426,Camera Trap (Wildlife),,10.62,2024-02-02 17:34:09,18.5,Dawn / Dusk
72,004247.jpg,PTR-COR-NH44-08,NH-44 Corridor,buffer,CAUTION,21.614139,79.26721,Camera Trap (Wildlife),,11.43,2024-02-02 19:22:42,21.4,Dawn / Dusk
136,005153.jpg,PTR-CORE-CHB-14,Chorbahuli,core_forest,SAFE,21.63184,79.223126,Camera Trap (Wildlife),,11.04,2024-02-02 22:04:00,9.2,Night (IR Flash)
243,004609.jpg,PTR-CORE-CHB-18,Chorbahuli,core_forest,SAFE,21.663383,79.227866,Camera Trap (Wildlife),,10.36,2024-02-03 01:24:42,9.4,Night (IR Flash)
195,001581.jpg,PTR-CORE-SAL-18,Saleghat,core_forest,SAFE,21.594972,79.196224,Camera Trap (Wildlife),,6.16,2024-02-03 04:33:10,7.2,Night (IR Flash)
90,004199.jpg,PTR-CORE-WP-03,West Pench,core_forest,SAFE,21.683953,79.181007,Camera Trap (Wildlife),,6.62,2024-02-03 06:34:59,11.1,Dawn / Dusk
228,003141.jpg,PTR-CORE-CHB-08,Chorbahuli,core_forest,SAFE,21.652162,79.228945,Camera Trap (Wildlife),,11.48,2024-02-03 16:58:00,21.6,Daylight
261,004564.jpg,PTR-CORE-DEV-02,Devalapar,core_forest,SAFE,21.693996,79.237855,Camera Trap (Wildlife),,6.83,2024-02-03 17:24:20,20.6,Dawn / Dusk
12,002328.jpg,PTR-CORE-CHB-12,Chorbahuli,core_forest,SAFE,21.611327,79.276059,Camera Trap (Wildlife),,10.62,2024-02-03 17:24:44,22.8,Dawn / Dusk
39,000759.jpg,PTR-CORE-CHB-05,Chorbahuli,core_forest,SAFE,21.644578,79.230284,Camera Trap (Wildlife),,12.25,2024-02-03 17:49:29,20.8,Dawn / Dusk
43,001915.jpg,PTR-CORE-WP-13,West Pench,core_forest,SAFE,21.666954,79.170184,Camera Trap (Wildlife),,6.87,2024-02-03 20:05:07,9.6,Night (IR Flash)
3,005142.jpg,PTR-CORE-SAL-11,Saleghat,core_forest,SAFE,21.592279,79.170276,Camera Trap (Wildlife),,4.39,2024-02-03 22:31:56,7.0,Night (IR Flash)
60,002204.jpg,PTR-CORE-EP-03,East Pench,core_forest,SAFE,21.673637,79.33751,Camera Trap (Wildlife),,5.45,2024-02-04 01:25:47,10.1,Night (IR Flash)
168,003265.jpg,PTR-CORE-EP-08,East Pench,core_forest,SAFE,21.664908,79.327799,Camera Trap (Wildlife),,6.74,2024-02-04 05:52:32,9.0,Night (IR Flash)
243,004902.jpg,PTR-CORE-CHB-19,Chorbahuli,core_forest,SAFE,21.642841,79.252547,Camera Trap (Wildlife),,12.09,2024-02-04 07:09:02,20.2,Dawn / Dusk
178,003136.jpg,PTR-CORE-CHB-10,Chorbahuli,core_forest,SAFE,21.664037,79.25158,Camera Trap (Wildlife),,9.75,2024-02-04 07:56:52,19.4,Dawn / Dusk
160,001973.jpg,PTR-CORE-CHB-16,Chorbahuli,core_forest,SAFE,21.616454,79.248912,Camera Trap (Wildlife),,11.83,2024-02-04 09:28:10,23.3,Daylight
64,004371.jpg,PTR-CORE-CHB-24,Chorbahuli,core_forest,SAFE,21.679342,79.258711,Camera Trap (Wildlife),,8.03,2024-02-04 10:12:40,21.7,Daylight
220,001981.jpg,PTR-CORE-EP-28,East Pench,core_forest,SAFE,21.665205,79.332881,Camera Trap (Wildlife),,6.35,2024-02-04 12:36:35,21.3,Daylight
115,001162.jpg,PTR-CORE-DEV-13,Devalapar,core_forest,SAFE,21.71563,79.230437,Camera Trap (Wildlife),,4.92,2024-02-04 14:00:19,18.7,Daylight
69,003544.jpg,PTR-CORE-DEV-18,Devalapar,core_forest,SAFE,21.690878,79.252321,Camera Trap (Wildlife),,6.81,2024-02-04 18:09:20,22.4,Dawn / Dusk
97,002760.jpg,PTR-CORE-WP-14,West Pench,core_forest,SAFE,21.689277,79.172516,Camera Trap (Wildlife),,5.74,2024-02-04 19:24:09,22.7,Night (IR Flash)
76,003655.jpg,PTR-CORE-DEV-17,Devalapar,core_forest,SAFE,21.68966,79.21817,Camera Trap (Wildlife),,7.55,2024-02-04 19:53:59,20.6,Night (IR Flash)
136,000568.jpg,PTR-BUF-PAO-14,Paoni Buffer,buffer,CAUTION,21.543979,79.254349,Camera Trap (Wildlife),,5.1,2024-02-04 20:42:37,11.6,Night (IR Flash)
265,004618.jpg,PTR-CORE-EP-11,East Pench,core_forest,SAFE,21.680635,79.338402,Camera Trap (Wildlife),,5.01,2024-02-04 23:53:35,10.0,Night (IR Flash)
268,000409.jpg,PTR-CORE-EP-09,East Pench,core_forest,SAFE,21.62219,79.3313,Camera Trap (Wildlife),,5.65,2024-02-05 05:16:39,9.4,Night (IR Flash)
213,003601.jpg,PTR-CORE-DEV-12,Devalapar,core_forest,SAFE,21.699341,79.229702,Camera Trap (Wildlife),,6.6,2024-02-05 12:18:37,23.3,Daylight
175,004602.jpg,PTR-CORE-EP-11,East Pench,core_forest,SAFE,21.680466,79.33911,Camera Trap (Wildlife),,5.01,2024-02-05 13:14:00,18.8,Daylight
85,002516.jpg,PTR-CORE-CHB-19,Chorbahuli,core_forest,SAFE,21.643704,79.253416,Camera Trap (Wildlife),,12.09,2024-02-05 17:00:04,19.1,Dawn / Dusk
153,004275.jpg,PTR-CORE-WP-10,West Pench,core_forest,SAFE,21.725039,79.179681,Camera Trap (Wildlife),,2.61,2024-02-05 18:45:02,21.8,Dawn / Dusk
228,004653.jpg,PTR-CORE-SAL-14,Saleghat,core_forest,SAFE,21.570982,79.163152,Camera Trap (Wildlife),,1.93,2024-02-05 19:51:16,21.5,Dawn / Dusk
28,001752.jpg,PTR-CORE-EP-22,East Pench,core_forest,SAFE,21.622874,79.31025,Camera Trap (Wildlife),,7.79,2024-02-05 21:14:21,7.7,Night (IR Flash)
223,000047.jpg,PTR-CORE-DEV-16,Devalapar,core_forest,SAFE,21.739991,79.245388,Camera Trap (Wildlife),,2.01,2024-02-05 22:43:11,9.9,Night (IR Flash)
226,000714.jpg,PTR-CORE-CHB-20,Chorbahuli,core_forest,SAFE,21.628752,79.272271,Camera Trap (Wildlife),,11.75,2024-02-05 23:02:22,10.2,Night (IR Flash)
255,002724.jpg,PTR-CORE-EP-08,East Pench,core_forest,SAFE,21.664628,79.328188,Camera Trap (Wildlife),,6.74,2024-02-06 01:06:51,9.9,Night (IR Flash)
246,000420.jpg,PTR-CORE-SAL-18,Saleghat,core_forest,SAFE,21.595388,79.196481,Camera Trap (Wildlife),,6.16,2024-02-06 02:10:49,11.9,Night (IR Flash)
78,002660.jpg,PTR-CORE-SAL-06,Saleghat,core_forest,SAFE,21.619072,79.155288,Camera Trap (Wildlife),,5.87,2024-02-06 02:28:47,10.1,Night (IR Flash)
177,002699.jpg,PTR-CORE-WP-18,West Pench,core_forest,SAFE,21.720204,79.157283,Camera Trap (Wildlife),,2.2,2024-02-06 19:01:35,20.9,Dawn / Dusk
274,004457.jpg,PTR-CORE-SAL-15,Saleghat,core_forest,SAFE,21.628011,79.179305,Camera Trap (Wildlife),,8.46,2024-02-06 19:11:49,20.5,Dawn / Dusk
124,002965.jpg,PTR-CORE-DEV-12,Devalapar,core_forest,SAFE,21.699841,79.230215,Camera Trap (Wildlife),,6.6,2024-02-06 19:45:03,22.5,Night (IR Flash)
82,003049.jpg,PTR-CORE-CHB-11,Chorbahuli,core_forest,SAFE,21.60966,79.239174,Camera Trap (Wildlife),,10.63,2024-02-06 19:52:24,22.6,Night (IR Flash)
40,001947.jpg,PTR-CORE-SAL-07,Saleghat,core_forest,SAFE,21.594439,79.158222,Camera Trap (Wildlife),,4.34,2024-02-06 20:35:54,12.0,Night (IR Flash)
264,004107.jpg,PTR-CORE-WP-03,West Pench,core_forest,SAFE,21.683272,79.181219,Camera Trap (Wildlife),,6.62,2024-02-06 21:57:25,11.1,Night (IR Flash)
195,000914.jpg,PTR-CORE-SAL-05,Saleghat,core_forest,SAFE,21.627767,79.200957,Camera Trap (Wildlife),,9.35,2024-02-06 23:13:56,8.6,Night (IR Flash)
178,000093.jpg,PTR-CORE-SAL-11,Saleghat,core_forest,SAFE,21.591472,79.170657,Camera Trap (Wildlife),,4.39,2024-02-07 01:16:56,8.4,Night (IR Flash)
172,001696.jpg,PTR-CORE-SAL-09,Saleghat,core_forest,SAFE,21.586288,79.204285,Camera Trap (Wildlife),,6.15,2024-02-07 01:35:22,7.8,Night (IR Flash)
85,002911.jpg,PTR-CORE-CHB-15,Chorbahuli,core_forest,SAFE,21.671174,79.27727,Camera Trap (Wildlife),,8.85,2024-02-07 02:04:20,7.3,Night (IR Flash)
247,002636.jpg,PTR-CORE-SAL-03,Saleghat,core_forest,SAFE,21.598478,79.147904,Camera Trap (Wildlife),,4.68,2024-02-07 22:18:42,9.4,Night (IR Flash)
172,003776.jpg,PTR-CORE-SAL-10,Saleghat,core_forest,SAFE,21.578715,79.192128,Camera Trap (Wildlife),,4.63,2024-02-07 23:03:42,7.2,Night (IR Flash)
273,000519.jpg,PTR-CORE-CHB-19,Chorbahuli,core_forest,SAFE,21.643379,79.252557,Camera Trap (Wildlife),,12.09,2024-02-08 02:20:27,9.2,Night (IR Flash)
81,000804.jpg,PTR-CORE-EP-04,East Pench,core_forest,SAFE,21.689085,79.296099,Camera Trap (Wildlife),,6.36,2024-02-08 05:17:44,10.1,Night (IR Flash)
264,003370.jpg,PTR-CORE-SAL-15,Saleghat,core_forest,SAFE,21.627742,79.179961,Camera Trap (Wildlife),,8.46,2024-02-08 11:08:55,19.2,Daylight
72,002058.jpg,PTR-CORE-DEV-10,Devalapar,core_forest,SAFE,21.721361,79.23845,Camera Trap (Wildlife),,4.07,2024-02-08 17:06:51,21.1,Dawn / Dusk
6,003570.jpg,PTR-CORE-SAL-05,Saleghat,core_forest,SAFE,21.627408,79.20075,Camera Trap (Wildlife),,9.35,2024-02-08 18:50:57,21.6,Dawn / Dusk
196,004273.jpg,PTR-CORE-DEV-12,Devalapar,core_forest,SAFE,21.699332,79.229668,Camera Trap (Wildlife),,6.6,2024-02-08 19:50:23,22.8,Dawn / Dusk
274,000705.jpg,PTR-CORE-WP-07,West Pench,core_forest,SAFE,21.72026,79.144682,Camera Trap (Wildlife),,1.89,2024-02-09 00:31:42,8.3,Night (IR Flash)
160,000636.jpg,PTR-CORE-SAL-02,Saleghat,core_forest,SAFE,21.590705,79.196428,Camera Trap (Wildlife),,5.87,2024-02-09 00:52:52,8.9,Night (IR Flash)
0,002253.jpg,PTR-CORE-CHB-04,Chorbahuli,core_forest,SAFE,21.671764,79.235791,Camera Trap (Wildlife),,9.3,2024-02-09 04:19:10,8.0,Night (IR Flash)
246,001182.jpg,PTR-CORE-SAL-05,Saleghat,core_forest,SAFE,21.627386,79.200225,Camera Trap (Wildlife),,9.35,2024-02-09 04:38:39,11.3,Night (IR Flash)
256,001291.jpg,PTR-CORE-WP-06,West Pench,core_forest,SAFE,21.675679,79.203237,Camera Trap (Wildlife),,8.39,2024-02-09 05:48:00,8.6,Night (IR Flash)
226,004226.jpg,PTR-CORE-EP-14,East Pench,core_forest,SAFE,21.60902,79.297179,Camera Trap (Wildlife),,8.69,2024-02-09 06:04:09,11.6,Dawn / Dusk
196,002007.jpg,PTR-CORE-EP-13,East Pench,core_forest,SAFE,21.696201,79.313449,Camera Trap (Wildlife),,5.48,2024-02-09 14:04:03,18.7,Daylight
175,001359.jpg,PTR-CORE-EP-28,East Pench,core_forest,SAFE,21.665067,79.332394,Camera Trap (Wildlife),,6.35,2024-02-09 19:19:37,19.7,Night (IR Flash)
168,000111.jpg,PTR-CORE-EP-27,East Pench,core_forest,SAFE,21.627128,79.35515,Camera Trap (Wildlife),,3.44,2024-02-09 19:24:14,22.2,Night (IR Flash)
172,003452.jpg,PTR-COR-NH44-12,NH-44 Corridor,buffer,CAUTION,21.679865,79.260914,CCTV / Solar Camera,,7.98,2024-02-09 19:26:25,21.5,Dawn / Dusk
211,000891.jpg,PTR-BUF-W-15,West Buffer,buffer,CAUTION,21.608644,79.134272,Camera Trap (Wildlife),,3.77,2024-02-09 19:32:25,23.1,Night (IR Flash)
222,004629.jpg,PTR-CORE-SAL-06,Saleghat,core_forest,SAFE,21.619281,79.1553,Camera Trap (Wildlife),,5.87,2024-02-09 19:46:02,19.4,Dawn / Dusk
60,000940.jpg,PTR-CORE-EP-20,East Pench,core_forest,SAFE,21.68597,79.330245,Camera Trap (Wildlife),,5.71,2024-02-09 23:26:42,9.8,Night (IR Flash)
126,005051.jpg,PTR-CORE-EP-06,East Pench,core_forest,SAFE,21.621634,79.324957,Camera Trap (Wildlife),,6.24,2024-02-10 00:11:13,7.4,Night (IR Flash)
229,001761.jpg,PTR-CORE-SAL-16,Saleghat,core_forest,SAFE,21.598102,79.189479,Camera Trap (Wildlife),,5.97,2024-02-10 00:15:26,7.1,Night (IR Flash)
94,000064.jpg,PTR-CORE-CHB-04,Chorbahuli,core_forest,SAFE,21.671354,79.235823,Camera Trap (Wildlife),,9.3,2024-02-10 01:56:07,7.0,Night (IR Flash)
246,002049.jpg,PTR-CORE-SAL-11,Saleghat,core_forest,SAFE,21.591693,79.170484,Camera Trap (Wildlife),,4.39,2024-02-10 06:25:21,11.7,Dawn / Dusk
154,001729.jpg,PTR-CORE-DEV-06,Devalapar,core_forest,SAFE,21.697777,79.216592,Camera Trap (Wildlife),,6.71,2024-02-10 06:42:18,8.8,Dawn / Dusk
243,005149.jpg,PTR-CORE-EP-06,East Pench,core_forest,SAFE,21.621562,79.325329,Camera Trap (Wildlife),,6.24,2024-02-10 16:16:04,23.8,Daylight
54,003148.jpg,PTR-BUF-N-09,North Buffer,buffer,CAUTION,21.743491,79.283245,CCTV / Solar Camera,,2.43,2024-02-10 17:23:30,21.4,Dawn / Dusk
153,005023.jpg,PTR-CORE-CHB-18,Chorbahuli,core_forest,SAFE,21.663938,79.228122,Camera Trap (Wildlife),,10.36,2024-02-10 19:56:29,21.3,Dawn / Dusk
268,001452.jpg,PTR-CORE-EP-12,East Pench,core_forest,SAFE,21.633852,79.300563,Camera Trap (Wildlife),,9.0,2024-02-10 20:00:20,8.8,Night (IR Flash)
268,004995.jpg,PTR-CORE-CHB-03,Chorbahuli,core_forest,SAFE,21.642129,79.27718,Camera Trap (Wildlife),,11.58,2024-02-10 20:03:27,9.3,Night (IR Flash)
67,001519.jpg,PTR-CORE-SAL-04,Saleghat,core_forest,SAFE,21.630001,79.19471,Camera Trap (Wildlife),,9.29,2024-02-10 20:04:14,7.3,Night (IR Flash)
271,004447.jpg,PTR-CORE-CHB-24,Chorbahuli,core_forest,SAFE,21.679744,79.258503,Camera Trap (Wildlife),,8.03,2024-02-10 20:07:36,10.8,Night (IR Flash)
237,002749.jpg,PTR-CORE-EP-03,East Pench,core_forest,SAFE,21.673745,79.337746,Camera Trap (Wildlife),,5.45,2024-02-10 20:12:05,11.5,Night (IR Flash)
153,000951.jpg,PTR-CORE-CHB-18,Chorbahuli,core_forest,SAFE,21.663216,79.227322,Camera Trap (Wildlife),,10.36,2024-02-10 23:18:54,9.1,Night (IR Flash)
264,004950.jpg,PTR-CORE-WP-14,West Pench,core_forest,SAFE,21.689302,79.173045,Camera Trap (Wildlife),,5.74,2024-02-11 01:54:17,9.6,Night (IR Flash)
265,000775.jpg,PTR-BUF-E-06,East Buffer,buffer,CAUTION,21.62341,79.384592,Camera Trap (Wildlife),,1.29,2024-02-11 02:29:19,9.1,Night (IR Flash)
33,000637.jpg,PTR-COR-NH44-06,NH-44 Corridor,buffer,CAUTION,21.566346,79.258869,CCTV / Solar Camera,,7.43,2024-02-11 03:26:57,9.6,Night (IR Flash)
267,002855.jpg,PTR-CORE-EP-18,East Pench,core_forest,SAFE,21.6379,79.328262,Camera Trap (Wildlife),,6.48,2024-02-11 07:53:56,23.4,Dawn / Dusk
246,003449.jpg,PTR-BUF-NAG-22,Nagalwadi Buffer,buffer,CAUTION,21.535113,79.265794,CCTV / Solar Camera,,4.2,2024-02-11 12:34:08,19.0,Daylight
265,004228.jpg,PTR-CORE-EP-19,East Pench,core_forest,SAFE,21.682627,79.332857,Camera Trap (Wildlife),,5.49,2024-02-11 17:01:26,20.3,Dawn / Dusk
195,002198.jpg,PTR-CORE-SAL-07,Saleghat,core_forest,SAFE,21.593624,79.157621,Camera Trap (Wildlife),,4.34,2024-02-11 19:07:38,20.6,Dawn / Dusk
6,003908.jpg,PTR-CORE-CHB-08,Chorbahuli,core_forest,SAFE,21.652468,79.229489,Camera Trap (Wildlife),,11.48,2024-02-11 19:17:31,22.4,Night (IR Flash)
160,003377.jpg,PTR-CORE-CHB-05,Chorbahuli,core_forest,SAFE,21.64455,79.230541,Camera Trap (Wildlife),,12.25,2024-02-11 19:39:53,20.3,Night (IR Flash)
66,004714.jpg,PTR-CORE-CHB-03,Chorbahuli,core_forest,SAFE,21.641286,79.27735,Camera Trap (Wildlife),,11.58,2024-02-11 20:57:57,11.3,Night (IR Flash)
27,003713.jpg,PTR-CORE-CHB-24,Chorbahuli,core_forest,SAFE,21.680135,79.25926,Camera Trap (Wildlife),,8.03,2024-02-12 01:22:41,8.0,Night (IR Flash)
178,001318.jpg,PTR-CORE-CHB-01,Chorbahuli,core_forest,SAFE,21.628929,79.258378,Camera Trap (Wildlife),,13.16,2024-02-12 02:28:09,11.3,Night (IR Flash)
78,001114.jpg,PTR-CORE-SAL-05,Saleghat,core_forest,SAFE,21.628124,79.201026,Camera Trap (Wildlife),,9.35,2024-02-12 03:42:22,8.8,Night (IR Flash)
250,005128.jpg,PTR-CORE-CHB-17,Chorbahuli,core_forest,SAFE,21.615128,79.26576,Camera Trap (Wildlife),,11.52,2024-02-12 03:51:35,10.6,Night (IR Flash)
97,000906.jpg,PTR-CORE-WP-13,West Pench,core_forest,SAFE,21.66727,79.169757,Camera Trap (Wildlife),,6.87,2024-02-12 04:05:40,9.6,Night (IR Flash)
250,001678.jpg,PTR-CORE-WP-04,West Pench,core_forest,SAFE,21.676124,79.155487,Camera Trap (Wildlife),,5.21,2024-02-12 04:07:39,12.0,Night (IR Flash)
136,003532.jpg,PTR-CORE-CHB-04,Chorbahuli,core_forest,SAFE,21.671018,79.235732,Camera Trap (Wildlife),,9.3,2024-02-12 04:19:21,10.1,Night (IR Flash)
265,004596.jpg,PTR-BUF-E-06,East Buffer,buffer,CAUTION,21.623238,79.384674,Camera Trap (Wildlife),,1.29,2024-02-12 04:19:51,7.7,Night (IR Flash)
222,000198.jpg,PTR-CORE-SAL-17,Saleghat,core_forest,SAFE,21.564009,79.180237,Camera Trap (Wildlife),,2.77,2024-02-12 05:10:20,11.4,Dawn / Dusk
76,000492.jpg,PTR-CORE-DEV-03,Devalapar,core_forest,SAFE,21.738984,79.253076,Camera Trap (Wildlife),,1.55,2024-02-12 06:29:46,11.0,Dawn / Dusk
226,003521.jpg,PTR-CORE-EP-09,East Pench,core_forest,SAFE,21.621587,79.331505,Camera Trap (Wildlife),,5.65,2024-02-12 15:31:24,18.6,Daylight
43,000058.jpg,PTR-CORE-WP-05,West Pench,core_forest,SAFE,21.664571,79.183721,Camera Trap (Wildlife),,8.32,2024-02-12 19:22:54,18.6,Night (IR Flash)
90,005113.jpg,PTR-CORE-WP-05,West Pench,core_forest,SAFE,21.665311,79.183917,Camera Trap (Wildlife),,8.32,2024-02-12 19:35:02,21.2,Night (IR Flash)
45,000140.jpg,PTR-CORE-CHB-03,Chorbahuli,core_forest,SAFE,21.641682,79.277353,Camera Trap (Wildlife),,11.58,2024-02-12 19:36:39,23.7,Dawn / Dusk
154,002696.jpg,PTR-CORE-DEV-15,Devalapar,core_forest,SAFE,21.707161,79.228178,Camera Trap (Wildlife),,5.82,2024-02-12 20:23:42,10.5,Night (IR Flash)
94,000517.jpg,PTR-CORE-CHB-11,Chorbahuli,core_forest,SAFE,21.610087,79.239771,Camera Trap (Wildlife),,10.63,2024-02-12 21:52:15,7.8,Night (IR Flash)
264,004816.jpg,PTR-CORE-WP-20,West Pench,core_forest,SAFE,21.689746,79.159701,Camera Trap (Wildlife),,5.12,2024-02-12 22:58:53,8.3,Night (IR Flash)
25,003145.jpg,PTR-CORE-CHB-03,Chorbahuli,core_forest,SAFE,21.64145,79.277489,Camera Trap (Wildlife),,11.58,2024-02-12 23:28:11,9.2,Night (IR Flash)
97,001316.jpg,PTR-CORE-WP-14,West Pench,core_forest,SAFE,21.689321,79.172292,Camera Trap (Wildlife),,5.74,2024-02-13 01:48:38,8.4,Night (IR Flash)
256,002370.jpg,PTR-CORE-WP-03,West Pench,core_forest,SAFE,21.683239,79.181677,Camera Trap (Wildlife),,6.62,2024-02-13 02:08:51,11.8,Night (IR Flash)
202,001424.jpg,PTR-CORE-WP-01,West Pench,core_forest,SAFE,21.690263,79.176085,Camera Trap (Wildlife),,5.73,2024-02-13 02:08:54,10.3,Night (IR Flash)
153,000656.jpg,PTR-CORE-WP-15,West Pench,core_forest,SAFE,21.711018,79.18692,Camera Trap (Wildlife),,4.26,2024-02-13 02:40:11,10.4,Night (IR Flash)
247,004132.jpg,PTR-CORE-SAL-06,Saleghat,core_forest,SAFE,21.618989,79.154565,Camera Trap (Wildlife),,5.87,2024-02-13 04:06:55,8.8,Night (IR Flash)
160,001991.jpg,PTR-CORE-WP-05,West Pench,core_forest,SAFE,21.665406,79.184671,Camera Trap (Wildlife),,8.32,2024-02-13 08:51:16,21.1,Daylight
154,001069.jpg,PTR-CORE-DEV-08,Devalapar,core_forest,SAFE,21.696298,79.271511,Camera Trap (Wildlife),,6.26,2024-02-13 09:24:59,21.4,Daylight
195,004516.jpg,PTR-CORE-SAL-12,Saleghat,core_forest,SAFE,21.627137,79.204909,Camera Trap (Wildlife),,9.49,2024-02-13 13:39:15,19.0,Daylight
243,002114.jpg,PTR-CORE-EP-18,East Pench,core_forest,SAFE,21.638143,79.328436,Camera Trap (Wildlife),,6.48,2024-02-13 15:32:54,23.1,Daylight
124,004251.jpg,PTR-COR-NH44-08,NH-44 Corridor,buffer,CAUTION,21.61411,79.266502,Camera Trap (Wildlife),,11.43,2024-02-13 19:55:33,23.4,Dawn / Dusk
3,004307.jpg,PTR-CORE-SAL-07,Saleghat,core_forest,SAFE,21.593605,79.158293,Camera Trap (Wildlife),,4.34,2024-02-13 21:34:13,8.1,Night (IR Flash)
211,002189.jpg,PTR-CORE-SAL-11,Saleghat,core_forest,SAFE,21.591475,79.169982,Camera Trap (Wildlife),,4.39,2024-02-13 22:41:23,8.9,Night (IR Flash)
228,002431.jpg,PTR-BUF-E-03,East Buffer,buffer,CAUTION,21.665947,79.365939,CCTV / Solar Camera,,3.47,2024-02-14 12:17:15,21.7,Daylight
229,003562.jpg,PTR-CORE-CHB-16,Chorbahuli,core_forest,SAFE,21.616481,79.249363,Camera Trap (Wildlife),,11.83,2024-02-14 19:08:23,23.1,Night (IR Flash)
240,004871.jpg,PTR-CORE-CHB-02,Chorbahuli,core_forest,SAFE,21.617382,79.24604,Camera Trap (Wildlife),,11.69,2024-02-14 21:00:24,9.9,Night (IR Flash)
273,002905.jpg,PTR-BUF-N-14,North Buffer,buffer,CAUTION,21.759972,79.238539,Camera Trap (Wildlife),,0.4,2024-02-14 22:22:29,11.9,Night (IR Flash)
160,000923.jpg,PTR-CORE-SAL-18,Saleghat,core_forest,SAFE,21.595147,79.196034,Camera Trap (Wildlife),,6.16,2024-02-15 11:00:09,23.6,Daylight
94,001061.jpg,PTR-CORE-WP-09,West Pench,core_forest,SAFE,21.675462,79.149504,Camera Trap (Wildlife),,4.59,2024-02-15 17:11:11,23.6,Dawn / Dusk
30,005032.jpg,PTR-CORE-SAL-07,Saleghat,core_forest,SAFE,21.593584,79.157532,Camera Trap (Wildlife),,4.34,2024-02-15 17:44:09,21.3,Dawn / Dusk
246,003866.jpg,PTR-CORE-WP-05,West Pench,core_forest,SAFE,21.665243,79.183717,Camera Trap (Wildlife),,8.32,2024-02-15 20:45:57,8.1,Night (IR Flash)
85,000593.jpg,PTR-CORE-EP-12,East Pench,core_forest,SAFE,21.633902,79.300591,Camera Trap (Wildlife),,9.0,2024-02-15 21:00:28,8.7,Night (IR Flash)
264,004634.jpg,PTR-CORE-WP-05,West Pench,core_forest,SAFE,21.664617,79.184332,Camera Trap (Wildlife),,8.32,2024-02-15 22:01:14,9.9,Night (IR Flash)
255,001751.jpg,PTR-CORE-EP-08,East Pench,core_forest,SAFE,21.664828,79.328185,Camera Trap (Wildlife),,6.74,2024-02-16 01:38:11,11.7,Night (IR Flash)
265,004480.jpg,PTR-CORE-EP-19,East Pench,core_forest,SAFE,21.682867,79.333364,Camera Trap (Wildlife),,5.49,2024-02-16 01:51:52,7.6,Night (IR Flash)
246,003205.jpg,PTR-CORE-SAL-02,Saleghat,core_forest,SAFE,21.590966,79.196563,Camera Trap (Wildlife),,5.87,2024-02-16 02:49:58,7.0,Night (IR Flash)
202,001515.jpg,PTR-CORE-DEV-22,Devalapar,core_forest,SAFE,21.738794,79.267116,Camera Trap (Wildlife),,1.66,2024-02-16 03:03:23,10.0,Night (IR Flash)
0,001703.jpg,PTR-CORE-DEV-19,Devalapar,core_forest,SAFE,21.728761,79.240185,Camera Trap (Wildlife),,3.3,2024-02-16 03:44:50,11.2,Night (IR Flash)
55,004128.jpg,PTR-CORE-CHB-09,Chorbahuli,core_forest,SAFE,21.662938,79.25196,Camera Trap (Wildlife),,9.87,2024-02-16 05:03:28,8.8,Dawn / Dusk
243,002315.jpg,PTR-CORE-EP-23,East Pench,core_forest,SAFE,21.608037,79.306138,Camera Trap (Wildlife),,7.73,2024-02-16 07:34:24,20.9,Dawn / Dusk
97,003881.jpg,PTR-CORE-WP-15,West Pench,core_forest,SAFE,21.710572,79.187036,Camera Trap (Wildlife),,4.26,2024-02-16 16:09:29,20.9,Daylight
237,001400.jpg,PTR-CORE-EP-25,East Pench,core_forest,SAFE,21.663232,79.315204,Camera Trap (Wildlife),,7.96,2024-02-16 23:36:25,9.0,Night (IR Flash)
247,001767.jpg,PTR-VIL-PAO-02,Paoni Edge,village_edge,CRITICAL,21.518309,79.225914,PTZ / AI Camera,Paoni,0.57,2024-02-17 00:08:22,8.4,Night (IR Flash)
64,000356.jpg,PTR-CORE-CHB-10,Chorbahuli,core_forest,SAFE,21.664365,79.252028,Camera Trap (Wildlife),,9.75,2024-02-17 06:30:02,7.4,Dawn / Dusk
265,002066.jpg,PTR-CORE-EP-20,East Pench,core_forest,SAFE,21.686538,79.330113,Camera Trap (Wildlife),,5.71,2024-02-17 06:43:07,11.0,Dawn / Dusk
249,002440.jpg,PTR-CORE-SAL-05,Saleghat,core_forest,SAFE,21.627715,79.200192,Camera Trap (Wildlife),,9.35,2024-02-17 09:46:38,23.3,Daylight
187,000205.jpg,PTR-CORE-EP-09,East Pench,core_forest,SAFE,21.622287,79.330828,Camera Trap (Wildlife),,5.65,2024-02-17 21:47:16,8.4,Night (IR Flash)
1,001983.jpg,PTR-CORE-EP-12,East Pench,core_forest,SAFE,21.634055,79.300878,Camera Trap (Wildlife),,9.0,2024-02-17 22:25:11,9.0,Night (IR Flash)
187,004157.jpg,PTR-CORE-EP-27,East Pench,core_forest,SAFE,21.626826,79.355723,Camera Trap (Wildlife),,3.44,2024-02-17 22:52:50,10.1,Night (IR Flash)
178,004830.jpg,PTR-CORE-EP-24,East Pench,core_forest,SAFE,21.610512,79.309218,Camera Trap (Wildlife),,7.53,2024-02-17 23:22:14,10.7,Night (IR Flash)
3,000540.jpg,PTR-CORE-SAL-17,Saleghat,core_forest,SAFE,21.563537,79.18051,Camera Trap (Wildlife),,2.77,2024-02-17 23:24:43,7.9,Night (IR Flash)
222,004694.jpg,PTR-CORE-SAL-08,Saleghat,core_forest,SAFE,21.58818,79.148447,Camera Trap (Wildlife),,3.73,2024-02-17 23:52:20,8.9,Night (IR Flash)
201,000625.jpg,PTR-CORE-DEV-16,Devalapar,core_forest,SAFE,21.739508,79.245886,Camera Trap (Wildlife),,2.01,2024-02-18 01:20:48,11.1,Night (IR Flash)
153,003530.jpg,PTR-CORE-WP-01,West Pench,core_forest,SAFE,21.690529,79.175796,Camera Trap (Wildlife),,5.73,2024-02-18 03:13:52,9.3,Night (IR Flash)
45,002714.jpg,PTR-CORE-SAL-09,Saleghat,core_forest,SAFE,21.586921,79.204306,Camera Trap (Wildlife),,6.15,2024-02-18 04:11:43,9.9,Night (IR Flash)
34,003584.jpg,PTR-CORE-DEV-17,Devalapar,core_forest,SAFE,21.689839,79.217473,Camera Trap (Wildlife),,7.55,2024-02-18 05:23:18,8.7,Night (IR Flash)
259,005066.jpg,PTR-CORE-SAL-04,Saleghat,core_forest,SAFE,21.630327,79.19551,Camera Trap (Wildlife),,9.29,2024-02-18 11:55:52,21.2,Daylight
139,003556.jpg,PTR-CORE-DEV-05,Devalapar,core_forest,SAFE,21.731392,79.261161,Camera Trap (Wildlife),,2.3,2024-02-18 19:44:33,20.0,Night (IR Flash)
6,002122.jpg,PTR-VIL-JUN-02,Junona Edge,village_edge,CRITICAL,21.570062,79.363669,PTZ / AI Camera,Junona,0.45,2024-02-18 20:39:16,9.2,Night (IR Flash)
109,002971.jpg,PTR-CORE-SAL-01,Saleghat,core_forest,SAFE,21.577685,79.199985,Camera Trap (Wildlife),,5.3,2024-02-18 22:08:51,8.0,Night (IR Flash)
67,003874.jpg,PTR-CORE-SAL-07,Saleghat,core_forest,SAFE,21.594167,79.158256,Camera Trap (Wildlife),,4.34,2024-02-19 00:49:25,11.9,Night (IR Flash)
223,002299.jpg,PTR-CORE-DEV-14,Devalapar,core_forest,SAFE,21.71751,79.268546,Camera Trap (Wildlife),,3.97,2024-02-19 02:48:27,7.3,Night (IR Flash)
108,001632.jpg,PTR-BUF-N-11,North Buffer,buffer,CAUTION,21.757097,79.161813,CCTV / Solar Camera,,1.95,2024-02-19 04:01:26,10.9,Night (IR Flash)
76,002433.jpg,PTR-CORE-DEV-02,Devalapar,core_forest,SAFE,21.693743,79.237968,Camera Trap (Wildlife),,6.83,2024-02-19 05:00:00,7.2,Night (IR Flash)
60,004061.jpg,PTR-CORE-EP-11,East Pench,core_forest,SAFE,21.680924,79.339102,Camera Trap (Wildlife),,5.01,2024-02-19 05:06:55,8.2,Night (IR Flash)
264,001411.jpg,PTR-CORE-WP-08,West Pench,core_forest,SAFE,21.676508,79.186354,Camera Trap (Wildlife),,7.55,2024-02-19 05:19:02,9.3,Night (IR Flash)
154,001854.jpg,PTR-CORE-WP-13,West Pench,core_forest,SAFE,21.666578,79.16981,Camera Trap (Wildlife),,6.87,2024-02-19 05:24:12,7.9,Night (IR Flash)
217,003230.jpg,PTR-CORE-CHB-19,Chorbahuli,core_forest,SAFE,21.643106,79.253086,Camera Trap (Wildlife),,12.09,2024-02-19 12:15:39,22.8,Daylight
171,003086.jpg,PTR-CORE-SAL-01,Saleghat,core_forest,SAFE,21.577549,79.200637,Camera Trap (Wildlife),,5.3,2024-02-19 16:00:34,19.3,Daylight
249,000756.jpg,PTR-CORE-WP-02,West Pench,core_forest,SAFE,21.668784,79.155776,Camera Trap (Wildlife),,5.38,2024-02-19 20:51:51,10.6,Night (IR Flash)
148,000012.jpg,PTR-CORE-DEV-01,Devalapar,core_forest,SAFE,21.694874,79.258315,Camera Trap (Wildlife),,6.39,2024-02-19 21:31:42,11.7,Night (IR Flash)
24,003503.jpg,PTR-CORE-EP-17,East Pench,core_forest,SAFE,21.653897,79.358429,Camera Trap (Wildlife),,3.82,2024-02-19 22:01:59,11.7,Night (IR Flash)
78,004268.jpg,PTR-CORE-SAL-01,Saleghat,core_forest,SAFE,21.577345,79.200363,Camera Trap (Wildlife),,5.3,2024-02-19 23:56:08,10.3,Night (IR Flash)
153,003540.jpg,PTR-CORE-DEV-23,Devalapar,core_forest,SAFE,21.685714,79.258655,Camera Trap (Wildlife),,7.37,2024-02-20 03:42:37,9.0,Night (IR Flash)
249,002786.jpg,PTR-CORE-SAL-06,Saleghat,core_forest,SAFE,21.619315,79.155242,Camera Trap (Wildlife),,5.87,2024-02-20 03:51:54,8.1,Night (IR Flash)
237,000713.jpg,PTR-VIL-NAV-02,Navegaon Edge,village_edge,CRITICAL,21.507445,79.304248,PTZ / AI Camera,Navegaon,0.5,2024-02-20 04:15:04,10.6,Night (IR Flash)
142,004102.jpg,PTR-CORE-WP-02,West Pench,core_forest,SAFE,21.668922,79.156161,Camera Trap (Wildlife),,5.38,2024-02-20 08:51:06,21.3,Daylight
172,003444.jpg,PTR-CORE-SAL-16,Saleghat,core_forest,SAFE,21.59771,79.190165,Camera Trap (Wildlife),,5.97,2024-02-20 09:05:18,23.8,Daylight
168,003596.jpg,PTR-CORE-EP-17,East Pench,core_forest,SAFE,21.653438,79.358483,Camera Trap (Wildlife),,3.82,2024-02-20 19:52:50,23.6,Night (IR Flash)
28,001322.jpg,PTR-CORE-EP-06,East Pench,core_forest,SAFE,21.621698,79.325463,Camera Trap (Wildlife),,6.24,2024-02-20 21:09:38,7.3,Night (IR Flash)
153,000269.jpg,PTR-CORE-CHB-22,Chorbahuli,core_forest,SAFE,21.647767,79.263492,Camera Trap (Wildlife),,11.58,2024-02-20 21:53:53,11.4,Night (IR Flash)
265,005114.jpg,PTR-CORE-EP-16,East Pench,core_forest,SAFE,21.681201,79.341108,Camera Trap (Wildlife),,4.79,2024-02-20 23:25:30,11.2,Night (IR Flash)
139,000886.jpg,PTR-CORE-EP-07,East Pench,core_forest,SAFE,21.602229,79.303664,Camera Trap (Wildlife),,7.71,2024-02-21 00:08:11,10.7,Night (IR Flash)
273,003777.jpg,PTR-CORE-CHB-24,Chorbahuli,core_forest,SAFE,21.680014,79.258702,Camera Trap (Wildlife),,8.03,2024-02-21 01:01:28,7.7,Night (IR Flash)
154,002829.jpg,PTR-CORE-WP-11,West Pench,core_forest,SAFE,21.693281,79.195058,Camera Trap (Wildlife),,6.33,2024-02-21 01:01:45,9.4,Night (IR Flash)
172,002473.jpg,PTR-CORE-SAL-17,Saleghat,core_forest,SAFE,21.564395,79.179641,Camera Trap (Wildlife),,2.77,2024-02-21 03:24:36,10.4,Night (IR Flash)
265,000676.jpg,PTR-CORE-EP-25,East Pench,core_forest,SAFE,21.663916,79.315619,Camera Trap (Wildlife),,7.96,2024-02-21 03:36:12,9.9,Night (IR Flash)
126,004930.jpg,PTR-CORE-DEV-12,Devalapar,core_forest,SAFE,21.699162,79.229721,Camera Trap (Wildlife),,6.6,2024-02-21 05:05:27,9.5,Night (IR Flash)
264,003013.jpg,PTR-CORE-WP-09,West Pench,core_forest,SAFE,21.675267,79.149479,Camera Trap (Wildlife),,4.59,2024-02-21 14:12:43,19.8,Daylight
145,001505.jpg,PTR-CORE-EP-01,East Pench,core_forest,SAFE,21.663592,79.291604,Camera Trap (Wildlife),,9.19,2024-02-21 14:56:25,20.6,Daylight
217,001472.jpg,PTR-CORE-DEV-12,Devalapar,core_forest,SAFE,21.700002,79.230065,Camera Trap (Wildlife),,6.6,2024-02-21 17:38:49,18.2,Dawn / Dusk
267,003679.jpg,PTR-CORE-EP-28,East Pench,core_forest,SAFE,21.664643,79.332716,Camera Trap (Wildlife),,6.35,2024-02-21 19:48:01,20.8,Dawn / Dusk
247,003883.jpg,PTR-CORE-SAL-14,Saleghat,core_forest,SAFE,21.570784,79.16278,Camera Trap (Wildlife),,1.93,2024-02-21 21:15:57,9.3,Night (IR Flash)
40,000882.jpg,PTR-CORE-SAL-02,Saleghat,core_forest,SAFE,21.590644,79.19715,Camera Trap (Wildlife),,5.87,2024-02-21 22:49:24,9.0,Night (IR Flash)
265,002405.jpg,PTR-CORE-EP-03,East Pench,core_forest,SAFE,21.673605,79.336878,Camera Trap (Wildlife),,5.45,2024-02-22 00:08:29,7.6,Night (IR Flash)
153,002019.jpg,PTR-CORE-DEV-20,Devalapar,core_forest,SAFE,21.688316,79.237562,Camera Trap (Wildlife),,7.41,2024-02-22 05:34:05,8.3,Night (IR Flash)
115,002344.jpg,PTR-CORE-DEV-18,Devalapar,core_forest,SAFE,21.690729,79.252754,Camera Trap (Wildlife),,6.81,2024-02-22 05:59:17,9.7,Dawn / Dusk
97,003782.jpg,PTR-CORE-WP-10,West Pench,core_forest,SAFE,21.725742,79.180465,Camera Trap (Wildlife),,2.61,2024-02-22 06:37:51,8.8,Dawn / Dusk
154,002290.jpg,PTR-CORE-WP-06,West Pench,core_forest,SAFE,21.675862,79.202959,Camera Trap (Wildlife),,8.39,2024-02-22 08:25:23,20.7,Daylight
243,003871.jpg,PTR-CORE-DEV-18,Devalapar,core_forest,SAFE,21.69113,79.252203,Camera Trap (Wildlife),,6.81,2024-02-22 19:30:08,22.7,Night (IR Flash)
136,004632.jpg,PTR-CORE-DEV-18,Devalapar,core_forest,SAFE,21.69084,79.252466,Camera Trap (Wildlife),,6.81,2024-02-22 19:36:28,22.7,Night (IR Flash)
136,001893.jpg,PTR-CORE-CHB-15,Chorbahuli,core_forest,SAFE,21.671693,79.276682,Camera Trap (Wildlife),,8.85,2024-02-22 19:45:24,23.8,Night (IR Flash)
213,003242.jpg,PTR-CORE-DEV-13,Devalapar,core_forest,SAFE,21.715699,79.230452,Camera Trap (Wildlife),,4.92,2024-02-22 21:36:27,10.0,Night (IR Flash)
217,003828.jpg,PTR-CORE-WP-03,West Pench,core_forest,SAFE,21.684078,79.181336,Camera Trap (Wildlife),,6.62,2024-02-23 03:48:30,7.4,Night (IR Flash)
160,003358.jpg,PTR-CORE-CHB-14,Chorbahuli,core_forest,SAFE,21.631978,79.223319,Camera Trap (Wildlife),,11.04,2024-02-23 04:32:37,9.2,Night (IR Flash)
132,003903.jpg,PTR-CORE-EP-08,East Pench,core_forest,SAFE,21.664804,79.328252,Camera Trap (Wildlife),,6.74,2024-02-23 04:53:50,9.8,Night (IR Flash)
178,004127.jpg,PTR-VIL-PIP-01,Pipariya Edge,village_edge,CRITICAL,21.577882,79.371436,PTZ / AI Camera,Pipariya,0.36,2024-02-23 05:45:52,7.4,Dawn / Dusk
228,000334.jpg,PTR-CORE-SAL-10,Saleghat,core_forest,SAFE,21.579004,79.191584,Camera Trap (Wildlife),,4.63,2024-02-23 07:18:23,21.7,Dawn / Dusk
238,000319.jpg,PTR-CORE-WP-12,West Pench,core_forest,SAFE,21.716098,79.15348,Camera Trap (Wildlife),,2.69,2024-02-23 12:25:36,18.9,Daylight
114,001165.jpg,PTR-CORE-CHB-22,Chorbahuli,core_forest,SAFE,21.648011,79.263754,Camera Trap (Wildlife),,11.58,2024-02-23 13:02:17,22.5,Daylight
243,001558.jpg,PTR-CORE-CHB-04,Chorbahuli,core_forest,SAFE,21.670951,79.236263,Camera Trap (Wildlife),,9.3,2024-02-23 16:04:21,19.5,Daylight
267,002964.jpg,PTR-CORE-EP-06,East Pench,core_forest,SAFE,21.621791,79.325602,Camera Trap (Wildlife),,6.24,2024-02-23 17:52:04,18.7,Dawn / Dusk
139,003083.jpg,PTR-CORE-EP-01,East Pench,core_forest,SAFE,21.663602,79.291452,Camera Trap (Wildlife),,9.19,2024-02-23 19:55:48,23.5,Dawn / Dusk
81,004331.jpg,PTR-CORE-EP-01,East Pench,core_forest,SAFE,21.664353,79.292154,Camera Trap (Wildlife),,9.19,2024-02-23 22:13:20,8.6,Night (IR Flash)
106,001020.jpg,PTR-CORE-DEV-03,Devalapar,core_forest,SAFE,21.739262,79.25379,Camera Trap (Wildlife),,1.55,2024-02-24 04:26:03,11.0,Night (IR Flash)
256,001896.jpg,PTR-CORE-SAL-14,Saleghat,core_forest,SAFE,21.5706,79.162828,Camera Trap (Wildlife),,1.93,2024-02-24 04:56:17,7.6,Night (IR Flash)
115,004568.jpg,PTR-CORE-DEV-08,Devalapar,core_forest,SAFE,21.696194,79.271804,Camera Trap (Wildlife),,6.26,2024-02-24 07:24:14,18.2,Dawn / Dusk
261,000970.jpg,PTR-CORE-SAL-15,Saleghat,core_forest,SAFE,21.628171,79.180147,Camera Trap (Wildlife),,8.46,2024-02-24 09:51:42,23.5,Daylight
13,004670.jpg,PTR-CORE-EP-23,East Pench,core_forest,SAFE,21.608057,79.305831,Camera Trap (Wildlife),,7.73,2024-02-24 10:40:28,21.8,Daylight
55,001212.jpg,PTR-CORE-DEV-20,Devalapar,core_forest,SAFE,21.688343,79.237728,Camera Trap (Wildlife),,7.41,2024-02-24 16:11:16,23.5,Daylight
67,005080.jpg,PTR-CORE-SAL-03,Saleghat,core_forest,SAFE,21.598084,79.148092,Camera Trap (Wildlife),,4.68,2024-02-24 18:16:01,23.3,Dawn / Dusk
39,002486.jpg,PTR-CORE-DEV-05,Devalapar,core_forest,SAFE,21.7309,79.261073,Camera Trap (Wildlife),,2.3,2024-02-24 20:31:10,9.9,Night (IR Flash)
81,000256.jpg,PTR-CORE-DEV-08,Devalapar,core_forest,SAFE,21.696531,79.271762,Camera Trap (Wildlife),,6.26,2024-02-24 21:02:18,9.0,Night (IR Flash)
237,004959.jpg,PTR-CORE-EP-28,East Pench,core_forest,SAFE,21.66522,79.332368,Camera Trap (Wildlife),,6.35,2024-02-24 21:54:27,10.6,Night (IR Flash)
265,004896.jpg,PTR-CORE-EP-28,East Pench,core_forest,SAFE,21.664487,79.332898,Camera Trap (Wildlife),,6.35,2024-02-24 22:11:12,11.7,Night (IR Flash)
97,003162.jpg,PTR-CORE-WP-08,West Pench,core_forest,SAFE,21.676311,79.186441,Camera Trap (Wildlife),,7.55,2024-02-24 22:15:36,8.0,Night (IR Flash)
247,004365.jpg,PTR-CORE-SAL-01,Saleghat,core_forest,SAFE,21.577668,79.200634,Camera Trap (Wildlife),,5.3,2024-02-24 23:49:00,10.4,Night (IR Flash)
201,003854.jpg,PTR-CORE-CHB-18,Chorbahuli,core_forest,SAFE,21.663352,79.227926,Camera Trap (Wildlife),,10.36,2024-02-25 01:46:25,9.6,Night (IR Flash)
3,002379.jpg,PTR-CORE-SAL-11,Saleghat,core_forest,SAFE,21.591717,79.170264,Camera Trap (Wildlife),,4.39,2024-02-25 03:18:09,9.3,Night (IR Flash)
237,004279.jpg,PTR-CORE-CHB-06,Chorbahuli,core_forest,SAFE,21.673436,79.272104,Camera Trap (Wildlife),,8.76,2024-02-25 06:42:51,11.3,Dawn / Dusk
22,000020.jpg,PTR-CORE-EP-23,East Pench,core_forest,SAFE,21.608196,79.306782,Camera Trap (Wildlife),,7.73,2024-02-25 12:08:15,20.2,Daylight
208,004015.jpg,PTR-CORE-SAL-08,Saleghat,core_forest,SAFE,21.588136,79.148081,Camera Trap (Wildlife),,3.73,2024-02-25 16:17:17,18.1,Daylight
76,003650.jpg,PTR-CORE-DEV-09,Devalapar,core_forest,SAFE,21.732926,79.234286,Camera Trap (Wildlife),,2.98,2024-02-25 19:10:09,18.1,Dawn / Dusk
160,003641.jpg,PTR-CORE-WP-06,West Pench,core_forest,SAFE,21.675789,79.203661,Camera Trap (Wildlife),,8.39,2024-02-25 19:54:21,22.6,Dawn / Dusk
264,001486.jpg,PTR-CORE-WP-13,West Pench,core_forest,SAFE,21.667157,79.170623,Camera Trap (Wildlife),,6.87,2024-02-25 21:55:40,9.4,Night (IR Flash)
201,002898.jpg,PTR-CORE-DEV-07,Devalapar,core_forest,SAFE,21.702391,79.230968,Camera Trap (Wildlife),,6.27,2024-02-26 02:43:48,10.0,Night (IR Flash)
76,000247.jpg,PTR-CORE-DEV-07,Devalapar,core_forest,SAFE,21.702478,79.231342,Camera Trap (Wildlife),,6.27,2024-02-26 03:02:25,7.9,Night (IR Flash)
271,002776.jpg,PTR-CORE-EP-16,East Pench,core_forest,SAFE,21.681196,79.341471,Camera Trap (Wildlife),,4.79,2024-02-26 03:11:04,10.7,Night (IR Flash)
267,001470.jpg,PTR-CORE-EP-24,East Pench,core_forest,SAFE,21.610406,79.309713,Camera Trap (Wildlife),,7.53,2024-02-26 03:29:07,10.2,Night (IR Flash)
264,003998.jpg,PTR-CORE-WP-19,West Pench,core_forest,SAFE,21.673501,79.171754,Camera Trap (Wildlife),,6.88,2024-02-26 05:31:16,9.2,Night (IR Flash)
40,003822.jpg,PTR-CORE-SAL-14,Saleghat,core_forest,SAFE,21.570662,79.162701,Camera Trap (Wildlife),,1.93,2024-02-26 17:24:29,20.2,Dawn / Dusk
246,003541.jpg,PTR-CORE-SAL-16,Saleghat,core_forest,SAFE,21.597685,79.189491,Camera Trap (Wildlife),,5.97,2024-02-26 18:29:44,21.6,Dawn / Dusk
96,003117.jpg,PTR-CORE-CHB-06,Chorbahuli,core_forest,SAFE,21.673525,79.27201,Camera Trap (Wildlife),,8.76,2024-02-26 22:26:07,7.6,Night (IR Flash)
139,003824.jpg,PTR-CORE-CHB-22,Chorbahuli,core_forest,SAFE,21.64727,79.263528,Camera Trap (Wildlife),,11.58,2024-02-26 23:26:13,8.7,Night (IR Flash)
252,002844.jpg,PTR-CORE-CHB-03,Chorbahuli,core_forest,SAFE,21.641717,79.27733,Camera Trap (Wildlife),,11.58,2024-02-26 23:53:14,9.5,Night (IR Flash)
268,005072.jpg,PTR-CORE-EP-09,East Pench,core_forest,SAFE,21.621937,79.331219,Camera Trap (Wildlife),,5.65,2024-02-27 01:23:41,10.5,Night (IR Flash)
237,002211.jpg,PTR-CORE-EP-12,East Pench,core_forest,SAFE,21.633945,79.301303,Camera Trap (Wildlife),,9.0,2024-02-27 01:33:23,9.6,Night (IR Flash)
271,003859.jpg,PTR-CORE-EP-19,East Pench,core_forest,SAFE,21.682777,79.333383,Camera Trap (Wildlife),,5.49,2024-02-27 05:27:14,10.5,Night (IR Flash)
126,001365.jpg,PTR-CORE-EP-05,East Pench,core_forest,SAFE,21.641963,79.292103,Camera Trap (Wildlife),,10.14,2024-02-27 06:06:17,11.6,Dawn / Dusk
216,003956.jpg,PTR-CORE-CHB-18,Chorbahuli,core_forest,SAFE,21.663409,79.228171,Camera Trap (Wildlife),,10.36,2024-02-27 06:07:27,11.9,Dawn / Dusk
1,003805.jpg,PTR-CORE-CHB-20,Chorbahuli,core_forest,SAFE,21.628241,79.27186,Camera Trap (Wildlife),,11.75,2024-02-27 17:42:32,19.0,Dawn / Dusk
255,003460.jpg,PTR-CORE-CHB-15,Chorbahuli,core_forest,SAFE,21.671417,79.277017,Camera Trap (Wildlife),,8.85,2024-02-27 20:18:41,7.6,Night (IR Flash)
108,004929.jpg,PTR-CORE-CHB-22,Chorbahuli,core_forest,SAFE,21.648123,79.264205,Camera Trap (Wildlife),,11.58,2024-02-27 20:51:38,7.8,Night (IR Flash)
244,002339.jpg,PTR-CORE-WP-01,West Pench,core_forest,SAFE,21.690871,79.175985,Camera Trap (Wildlife),,5.73,2024-02-28 00:21:12,8.6,Night (IR Flash)
273,000238.jpg,PTR-CORE-CHB-08,Chorbahuli,core_forest,SAFE,21.653014,79.229048,Camera Trap (Wildlife),,11.48,2024-02-28 04:03:00,8.7,Night (IR Flash)
259,002231.jpg,PTR-CORE-EP-19,East Pench,core_forest,SAFE,21.682605,79.333599,Camera Trap (Wildlife),,5.49,2024-02-28 05:41:25,7.9,Night (IR Flash)
268,001019.jpg,PTR-BUF-NAG-24,Nagalwadi Buffer,buffer,CAUTION,21.527463,79.316275,CCTV / Solar Camera,,1.4,2024-02-28 07:55:23,23.5,Dawn / Dusk
76,002193.jpg,PTR-CORE-DEV-13,Devalapar,core_forest,SAFE,21.716264,79.23094,Camera Trap (Wildlife),,4.92,2024-02-28 12:09:52,22.0,Daylight
69,001634.jpg,PTR-CORE-DEV-01,Devalapar,core_forest,SAFE,21.694909,79.259156,Camera Trap (Wildlife),,6.39,2024-02-28 20:29:00,11.0,Night (IR Flash)
154,003967.jpg,PTR-CORE-WP-14,West Pench,core_forest,SAFE,21.689999,79.172993,Camera Trap (Wildlife),,5.74,2024-02-28 21:15:47,8.5,Night (IR Flash)
22,003841.jpg,PTR-CORE-EP-05,East Pench,core_forest,SAFE,21.642552,79.291739,Camera Trap (Wildlife),,10.14,2024-02-28 21:23:44,8.3,Night (IR Flash)
151,001037.jpg,PTR-CORE-CHB-13,Chorbahuli,core_forest,SAFE,21.671152,79.269838,Camera Trap (Wildlife),,8.99,2024-02-29 00:40:13,10.2,Night (IR Flash)
0,000384.jpg,PTR-CORE-EP-04,East Pench,core_forest,SAFE,21.689472,79.295986,Camera Trap (Wildlife),,6.36,2024-02-29 01:46:19,10.6,Night (IR Flash)
85,002145.jpg,PTR-CORE-EP-21,East Pench,core_forest,SAFE,21.6707,79.293162,Camera Trap (Wildlife),,8.45,2024-02-29 02:19:52,11.4,Night (IR Flash)
22,004852.jpg,PTR-CORE-EP-24,East Pench,core_forest,SAFE,21.610231,79.30921,Camera Trap (Wildlife),,7.53,2024-02-29 02:21:34,9.4,Night (IR Flash)
202,002556.jpg,PTR-CORE-WP-01,West Pench,core_forest,SAFE,21.690191,79.175897,Camera Trap (Wildlife),,5.73,2024-02-29 06:55:02,7.8,Dawn / Dusk
72,005094.jpg,PTR-CORE-CHB-06,Chorbahuli,core_forest,SAFE,21.673409,79.272555,Camera Trap (Wildlife),,8.76,2024-02-29 14:31:09,19.1,Daylight
249,000898.jpg,PTR-CORE-SAL-12,Saleghat,core_forest,SAFE,21.627387,79.204976,Camera Trap (Wildlife),,9.49,2024-02-29 15:31:11,20.8,Daylight
238,002329.jpg,PTR-CORE-SAL-15,Saleghat,core_forest,SAFE,21.627638,79.179972,Camera Trap (Wildlife),,8.46,2024-02-29 16:10:58,21.4,Daylight
54,002490.jpg,PTR-CORE-DEV-02,Devalapar,core_forest,SAFE,21.693552,79.237783,Camera Trap (Wildlife),,6.83,2024-02-29 17:57:58,23.6,Dawn / Dusk
171,000920.jpg,PTR-CORE-SAL-09,Saleghat,core_forest,SAFE,21.586722,79.204157,Camera Trap (Wildlife),,6.15,2024-02-29 19:19:44,19.1,Night (IR Flash)
160,004554.jpg,PTR-CORE-SAL-07,Saleghat,core_forest,SAFE,21.594359,79.157835,Camera Trap (Wildlife),,4.34,2024-02-29 21:10:47,7.2,Night (IR Flash)
160,003176.jpg,PTR-CORE-SAL-18,Saleghat,core_forest,SAFE,21.595107,79.195846,Camera Trap (Wildlife),,6.16,2024-03-01 01:16:55,23.3,Night (IR Flash)
172,002631.jpg,PTR-CORE-SAL-13,Saleghat,core_forest,SAFE,21.598469,79.187867,Camera Trap (Wildlife),,5.95,2024-03-01 01:35:44,25.9,Night (IR Flash)
240,003279.jpg,PTR-CORE-CHB-02,Chorbahuli,core_forest,SAFE,21.617934,79.245618,Camera Trap (Wildlife),,11.69,2024-03-01 03:46:48,26.3,Night (IR Flash)
154,003896.jpg,PTR-CORE-WP-05,West Pench,core_forest,SAFE,21.664963,79.184089,Camera Trap (Wildlife),,8.32,2024-03-01 04:48:14,27.7,Night (IR Flash)
243,003403.jpg,PTR-CORE-DEV-04,Devalapar,core_forest,SAFE,21.715728,79.25633,Camera Trap (Wildlife),,4.06,2024-03-01 05:46:03,26.9,Night (IR Flash)
249,000623.jpg,PTR-CORE-SAL-15,Saleghat,core_forest,SAFE,21.627912,79.18002,Camera Trap (Wildlife),,8.46,2024-03-01 08:10:36,38.2,Daylight
240,001339.jpg,PTR-CORE-CHB-20,Chorbahuli,core_forest,SAFE,21.628249,79.271989,Camera Trap (Wildlife),,11.75,2024-03-01 09:46:24,35.8,Daylight
43,001226.jpg,PTR-CORE-WP-03,West Pench,core_forest,SAFE,21.683775,79.180913,Camera Trap (Wildlife),,6.62,2024-03-01 17:59:29,39.5,Dawn / Dusk
124,001791.jpg,PTR-CORE-CHB-09,Chorbahuli,core_forest,SAFE,21.663574,79.252765,Camera Trap (Wildlife),,9.87,2024-03-01 18:21:36,38.8,Dawn / Dusk
160,000626.jpg,PTR-CORE-SAL-04,Saleghat,core_forest,SAFE,21.629864,79.195284,Camera Trap (Wildlife),,9.29,2024-03-01 19:31:20,38.9,Dawn / Dusk
82,000369.jpg,PTR-CORE-CHB-17,Chorbahuli,core_forest,SAFE,21.614825,79.265834,Camera Trap (Wildlife),,11.52,2024-03-01 23:23:45,26.6,Night (IR Flash)
153,004295.jpg,PTR-CORE-WP-08,West Pench,core_forest,SAFE,21.67712,79.186966,Camera Trap (Wildlife),,7.55,2024-03-02 00:33:20,24.1,Night (IR Flash)
30,002137.jpg,PTR-CORE-SAL-03,Saleghat,core_forest,SAFE,21.598487,79.148534,Camera Trap (Wildlife),,4.68,2024-03-02 03:43:26,27.4,Night (IR Flash)
252,002234.jpg,PTR-CORE-EP-06,East Pench,core_forest,SAFE,21.621582,79.325069,Camera Trap (Wildlife),,6.24,2024-03-02 05:08:45,23.6,Night (IR Flash)
94,001685.jpg,PTR-CORE-CHB-14,Chorbahuli,core_forest,SAFE,21.631161,79.223494,Camera Trap (Wildlife),,11.04,2024-03-02 05:37:45,24.3,Night (IR Flash)
43,000393.jpg,PTR-CORE-WP-01,West Pench,core_forest,SAFE,21.69081,79.176612,Camera Trap (Wildlife),,5.73,2024-03-02 06:36:42,23.9,Dawn / Dusk
237,004322.jpg,PTR-CORE-EP-09,East Pench,core_forest,SAFE,21.621576,79.331069,Camera Trap (Wildlife),,5.65,2024-03-02 18:02:43,36.9,Dawn / Dusk
13,000867.jpg,PTR-CORE-EP-07,East Pench,core_forest,SAFE,21.602781,79.304278,Camera Trap (Wildlife),,7.71,2024-03-02 20:11:24,25.2,Night (IR Flash)
252,001396.jpg,PTR-CORE-CHB-21,Chorbahuli,core_forest,SAFE,21.639924,79.232624,Camera Trap (Wildlife),,12.34,2024-03-02 21:15:33,23.3,Night (IR Flash)
160,000523.jpg,PTR-CORE-SAL-15,Saleghat,core_forest,SAFE,21.628163,79.179565,Camera Trap (Wildlife),,8.46,2024-03-02 21:22:41,27.2,Night (IR Flash)
153,002992.jpg,PTR-CORE-DEV-20,Devalapar,core_forest,SAFE,21.688268,79.238364,Camera Trap (Wildlife),,7.41,2024-03-03 03:50:01,27.2,Night (IR Flash)
229,001739.jpg,PTR-CORE-SAL-05,Saleghat,core_forest,SAFE,21.628093,79.200983,Camera Trap (Wildlife),,9.35,2024-03-03 07:02:59,39.3,Dawn / Dusk
202,002501.jpg,PTR-CORE-DEV-02,Devalapar,core_forest,SAFE,21.693516,79.237535,Camera Trap (Wildlife),,6.83,2024-03-03 15:38:26,38.1,Daylight
64,002153.jpg,PTR-CORE-EP-10,East Pench,core_forest,SAFE,21.680698,79.290027,Camera Trap (Wildlife),,7.39,2024-03-03 18:29:34,36.0,Dawn / Dusk
85,002775.jpg,PTR-CORE-EP-16,East Pench,core_forest,SAFE,21.680671,79.34129,Camera Trap (Wildlife),,4.79,2024-03-03 20:21:41,24.5,Night (IR Flash)
6,001668.jpg,PTR-CORE-CHB-12,Chorbahuli,core_forest,SAFE,21.611746,79.276209,Camera Trap (Wildlife),,10.62,2024-03-03 20:32:21,24.8,Night (IR Flash)
247,003527.jpg,PTR-CORE-SAL-03,Saleghat,core_forest,SAFE,21.598794,79.148234,Camera Trap (Wildlife),,4.68,2024-03-03 23:31:50,24.1,Night (IR Flash)
153,004597.jpg,PTR-CORE-EP-23,East Pench,core_forest,SAFE,21.607745,79.306792,Camera Trap (Wildlife),,7.73,2024-03-04 02:14:37,25.8,Night (IR Flash)
168,002563.jpg,PTR-CORE-EP-09,East Pench,core_forest,SAFE,21.621662,79.331745,Camera Trap (Wildlife),,5.65,2024-03-04 03:26:25,28.0,Night (IR Flash)
244,000299.jpg,PTR-CORE-WP-02,West Pench,core_forest,SAFE,21.668895,79.155612,Camera Trap (Wildlife),,5.38,2024-03-04 04:24:38,25.4,Night (IR Flash)
244,004084.jpg,PTR-CORE-WP-02,West Pench,core_forest,SAFE,21.668344,79.155593,Camera Trap (Wildlife),,5.38,2024-03-04 05:16:14,25.6,Night (IR Flash)
153,003096.jpg,PTR-CORE-DEV-17,Devalapar,core_forest,SAFE,21.690249,79.21759,Camera Trap (Wildlife),,7.55,2024-03-04 05:58:16,27.8,Dawn / Dusk
94,000151.jpg,PTR-CORE-CHB-04,Chorbahuli,core_forest,SAFE,21.671105,79.235965,Camera Trap (Wildlife),,9.3,2024-03-04 09:11:00,38.4,Daylight
261,001148.jpg,PTR-CORE-EP-23,East Pench,core_forest,SAFE,21.607859,79.306464,Camera Trap (Wildlife),,7.73,2024-03-04 18:30:11,36.9,Dawn / Dusk
265,001239.jpg,PTR-CORE-EP-11,East Pench,core_forest,SAFE,21.680791,79.338884,Camera Trap (Wildlife),,5.01,2024-03-05 00:41:15,26.4,Night (IR Flash)
198,000043.jpg,PTR-CORE-CHB-02,Chorbahuli,core_forest,SAFE,21.617449,79.245709,Camera Trap (Wildlife),,11.69,2024-03-05 02:27:24,26.4,Night (IR Flash)
24,000204.jpg,PTR-CORE-EP-14,East Pench,core_forest,SAFE,21.609031,79.296951,Camera Trap (Wildlife),,8.69,2024-03-05 03:20:10,23.3,Night (IR Flash)
130,003818.jpg,PTR-CORE-WP-11,West Pench,core_forest,SAFE,21.693532,79.195165,Camera Trap (Wildlife),,6.33,2024-03-05 04:22:48,25.4,Night (IR Flash)
246,001105.jpg,PTR-CORE-SAL-05,Saleghat,core_forest,SAFE,21.627548,79.200248,Camera Trap (Wildlife),,9.35,2024-03-05 06:18:21,24.4,Dawn / Dusk
198,004999.jpg,PTR-CORE-CHB-02,Chorbahuli,core_forest,SAFE,21.617409,79.24609,Camera Trap (Wildlife),,11.69,2024-03-05 06:50:26,23.6,Dawn / Dusk
154,004325.jpg,PTR-CORE-WP-06,West Pench,core_forest,SAFE,21.675618,79.203645,Camera Trap (Wildlife),,8.39,2024-03-05 13:49:46,36.9,Daylight
81,003301.jpg,PTR-CORE-EP-04,East Pench,core_forest,SAFE,21.688945,79.296033,Camera Trap (Wildlife),,6.36,2024-03-05 18:12:31,36.0,Dawn / Dusk
57,002183.jpg,PTR-CORE-EP-01,East Pench,core_forest,SAFE,21.664346,79.291252,Camera Trap (Wildlife),,9.19,2024-03-05 19:09:55,34.1,Dawn / Dusk
249,004778.jpg,PTR-CORE-SAL-15,Saleghat,core_forest,SAFE,21.627528,79.179334,Camera Trap (Wildlife),,8.46,2024-03-05 19:14:12,34.7,Night (IR Flash)
28,000703.jpg,PTR-CORE-EP-07,East Pench,core_forest,SAFE,21.602383,79.303978,Camera Trap (Wildlife),,7.71,2024-03-05 22:00:31,24.7,Night (IR Flash)
196,000628.jpg,PTR-CORE-DEV-17,Devalapar,core_forest,SAFE,21.690206,79.218026,Camera Trap (Wildlife),,7.55,2024-03-05 22:54:52,27.3,Night (IR Flash)
196,004335.jpg,PTR-CORE-WP-09,West Pench,core_forest,SAFE,21.67518,79.149532,Camera Trap (Wildlife),,4.59,2024-03-05 23:07:06,24.7,Night (IR Flash)
13,004969.jpg,PTR-CORE-CHB-07,Chorbahuli,core_forest,SAFE,21.631359,79.258643,Camera Trap (Wildlife),,13.21,2024-03-05 23:56:12,27.9,Night (IR Flash)
78,000947.jpg,PTR-CORE-CHB-14,Chorbahuli,core_forest,SAFE,21.631276,79.223515,Camera Trap (Wildlife),,11.04,2024-03-06 00:07:21,23.4,Night (IR Flash)
211,001287.jpg,PTR-CORE-CHB-14,Chorbahuli,core_forest,SAFE,21.631597,79.223237,Camera Trap (Wildlife),,11.04,2024-03-06 01:18:15,23.3,Night (IR Flash)
55,002523.jpg,PTR-CORE-DEV-20,Devalapar,core_forest,SAFE,21.688192,79.238243,Camera Trap (Wildlife),,7.41,2024-03-06 01:59:12,26.7,Night (IR Flash)
85,004303.jpg,PTR-CORE-EP-01,East Pench,core_forest,SAFE,21.663907,79.291802,Camera Trap (Wildlife),,9.19,2024-03-06 02:45:12,23.8,Night (IR Flash)
252,002857.jpg,PTR-CORE-EP-17,East Pench,core_forest,SAFE,21.653306,79.3585,Camera Trap (Wildlife),,3.82,2024-03-06 04:12:11,26.5,Night (IR Flash)
42,001646.jpg,PTR-CORE-CHB-22,Chorbahuli,core_forest,SAFE,21.647825,79.264245,Camera Trap (Wildlife),,11.58,2024-03-06 07:05:06,39.7,Dawn / Dusk
66,004758.jpg,PTR-CORE-EP-10,East Pench,core_forest,SAFE,21.681275,79.290649,Camera Trap (Wildlife),,7.39,2024-03-06 10:11:18,34.1,Daylight
160,002238.jpg,PTR-CORE-SAL-08,Saleghat,core_forest,SAFE,21.588165,79.148879,Camera Trap (Wildlife),,3.73,2024-03-06 21:30:18,24.3,Night (IR Flash)
261,002848.jpg,PTR-CORE-EP-25,East Pench,core_forest,SAFE,21.663858,79.315397,Camera Trap (Wildlife),,7.96,2024-03-07 00:57:08,25.7,Night (IR Flash)
136,001308.jpg,PTR-CORE-EP-04,East Pench,core_forest,SAFE,21.689505,79.296209,Camera Trap (Wildlife),,6.36,2024-03-07 05:28:23,25.9,Night (IR Flash)
88,001338.jpg,PTR-CORE-DEV-04,Devalapar,core_forest,SAFE,21.715978,79.25636,Camera Trap (Wildlife),,4.06,2024-03-07 05:58:00,23.8,Night (IR Flash)
255,001089.jpg,PTR-CORE-EP-17,East Pench,core_forest,SAFE,21.65395,79.357702,Camera Trap (Wildlife),,3.82,2024-03-07 07:17:37,36.3,Dawn / Dusk
253,000965.jpg,PTR-CORE-SAL-03,Saleghat,core_forest,SAFE,21.598795,79.148452,Camera Trap (Wildlife),,4.68,2024-03-07 15:20:48,35.4,Daylight
237,000443.jpg,PTR-CORE-EP-19,East Pench,core_forest,SAFE,21.682591,79.332948,Camera Trap (Wildlife),,5.49,2024-03-07 20:09:25,27.8,Night (IR Flash)
160,002002.jpg,PTR-CORE-CHB-21,Chorbahuli,core_forest,SAFE,21.639705,79.232632,Camera Trap (Wildlife),,12.34,2024-03-07 21:31:32,23.9,Night (IR Flash)
51,000820.jpg,PTR-CORE-DEV-14,Devalapar,core_forest,SAFE,21.71688,79.268856,Camera Trap (Wildlife),,3.97,2024-03-07 23:53:54,25.3,Night (IR Flash)
160,004820.jpg,PTR-CORE-SAL-04,Saleghat,core_forest,SAFE,21.629548,79.195311,Camera Trap (Wildlife),,9.29,2024-03-08 00:03:28,26.6,Night (IR Flash)
246,001355.jpg,PTR-CORE-SAL-13,Saleghat,core_forest,SAFE,21.599226,79.188533,Camera Trap (Wildlife),,5.95,2024-03-08 04:19:41,23.8,Night (IR Flash)
97,001272.jpg,PTR-CORE-WP-04,West Pench,core_forest,SAFE,21.675626,79.155551,Camera Trap (Wildlife),,5.21,2024-03-08 04:51:19,27.2,Night (IR Flash)
243,004161.jpg,PTR-CORE-CHB-22,Chorbahuli,core_forest,SAFE,21.648066,79.264147,Camera Trap (Wildlife),,11.58,2024-03-08 07:59:42,37.0,Dawn / Dusk
216,001366.jpg,PTR-CORE-CHB-08,Chorbahuli,core_forest,SAFE,21.652625,79.22925,Camera Trap (Wildlife),,11.48,2024-03-08 12:49:38,38.0,Daylight
238,000514.jpg,PTR-CORE-CHB-21,Chorbahuli,core_forest,SAFE,21.639645,79.232721,Camera Trap (Wildlife),,12.34,2024-03-08 16:13:22,39.4,Daylight
153,004613.jpg,PTR-CORE-CHB-12,Chorbahuli,core_forest,SAFE,21.611148,79.275251,Camera Trap (Wildlife),,10.62,2024-03-08 18:25:58,35.1,Dawn / Dusk
153,003186.jpg,PTR-CORE-CHB-10,Chorbahuli,core_forest,SAFE,21.664591,79.251741,Camera Trap (Wildlife),,9.75,2024-03-08 19:04:33,37.1,Dawn / Dusk
168,004056.jpg,PTR-CORE-EP-03,East Pench,core_forest,SAFE,21.673884,79.337374,Camera Trap (Wildlife),,5.45,2024-03-08 21:21:43,24.7,Night (IR Flash)
22,001997.jpg,PTR-CORE-DEV-23,Devalapar,core_forest,SAFE,21.686081,79.25779,Camera Trap (Wildlife),,7.37,2024-03-08 23:23:51,24.2,Night (IR Flash)
171,000270.jpg,PTR-CORE-SAL-06,Saleghat,core_forest,SAFE,21.619658,79.154917,Camera Trap (Wildlife),,5.87,2024-03-08 23:29:16,27.9,Night (IR Flash)
153,004622.jpg,PTR-CORE-DEV-23,Devalapar,core_forest,SAFE,21.68607,79.257789,Camera Trap (Wildlife),,7.37,2024-03-09 00:16:09,26.1,Night (IR Flash)
273,003759.jpg,PTR-CORE-CHB-22,Chorbahuli,core_forest,SAFE,21.647728,79.263931,Camera Trap (Wildlife),,11.58,2024-03-09 01:37:42,23.3,Night (IR Flash)
246,000195.jpg,PTR-CORE-SAL-12,Saleghat,core_forest,SAFE,21.6267,79.204798,Camera Trap (Wildlife),,9.49,2024-03-09 06:15:31,26.8,Dawn / Dusk
160,001153.jpg,PTR-CORE-CHB-08,Chorbahuli,core_forest,SAFE,21.652496,79.229226,Camera Trap (Wildlife),,11.48,2024-03-09 08:49:14,38.4,Daylight
196,000085.jpg,PTR-CORE-CHB-01,Chorbahuli,core_forest,SAFE,21.629008,79.258563,Camera Trap (Wildlife),,13.16,2024-03-09 19:26:01,34.1,Dawn / Dusk
130,002190.jpg,PTR-CORE-WP-05,West Pench,core_forest,SAFE,21.665012,79.18465,Camera Trap (Wildlife),,8.32,2024-03-09 21:12:16,27.3,Night (IR Flash)
171,003062.jpg,PTR-CORE-WP-19,West Pench,core_forest,SAFE,21.67379,79.171771,Camera Trap (Wildlife),,6.88,2024-03-09 21:14:58,26.2,Night (IR Flash)
69,000643.jpg,PTR-CORE-CHB-22,Chorbahuli,core_forest,SAFE,21.647604,79.26347,Camera Trap (Wildlife),,11.58,2024-03-09 21:51:58,25.2,Night (IR Flash)
175,002316.jpg,PTR-CORE-EP-22,East Pench,core_forest,SAFE,21.62256,79.310077,Camera Trap (Wildlife),,7.79,2024-03-09 23:39:32,25.7,Night (IR Flash)
237,002493.jpg,PTR-CORE-EP-28,East Pench,core_forest,SAFE,21.664528,79.333104,Camera Trap (Wildlife),,6.35,2024-03-10 02:02:32,27.2,Night (IR Flash)
64,000001.jpg,PTR-CORE-CHB-04,Chorbahuli,core_forest,SAFE,21.671415,79.235964,Camera Trap (Wildlife),,9.3,2024-03-10 04:44:35,23.4,Night (IR Flash)
78,000209.jpg,PTR-CORE-SAL-02,Saleghat,core_forest,SAFE,21.591326,79.196416,Camera Trap (Wildlife),,5.87,2024-03-10 05:45:52,26.0,Night (IR Flash)
267,002471.jpg,PTR-CORE-EP-22,East Pench,core_forest,SAFE,21.622737,79.310582,Camera Trap (Wildlife),,7.79,2024-03-10 09:05:30,39.2,Daylight
261,004526.jpg,PTR-CORE-CHB-17,Chorbahuli,core_forest,SAFE,21.615343,79.266024,Camera Trap (Wildlife),,11.52,2024-03-10 10:30:31,37.1,Daylight
24,000531.jpg,PTR-CORE-EP-27,East Pench,core_forest,SAFE,21.626651,79.355595,Camera Trap (Wildlife),,3.44,2024-03-10 12:40:16,38.1,Daylight
177,004284.jpg,PTR-CORE-CHB-08,Chorbahuli,core_forest,SAFE,21.652417,79.22877,Camera Trap (Wildlife),,11.48,2024-03-10 18:12:30,36.9,Dawn / Dusk
256,002564.jpg,PTR-CORE-WP-19,West Pench,core_forest,SAFE,21.673473,79.171144,Camera Trap (Wildlife),,6.88,2024-03-10 19:47:29,36.3,Dawn / Dusk
130,000828.jpg,PTR-CORE-WP-08,West Pench,core_forest,SAFE,21.676878,79.186923,Camera Trap (Wildlife),,7.55,2024-03-11 03:01:40,25.2,Night (IR Flash)
0,004648.jpg,PTR-CORE-CHB-04,Chorbahuli,core_forest,SAFE,21.671683,79.23563,Camera Trap (Wildlife),,9.3,2024-03-11 04:27:02,23.2,Night (IR Flash)
160,002182.jpg,PTR-CORE-SAL-12,Saleghat,core_forest,SAFE,21.627498,79.205175,Camera Trap (Wildlife),,9.49,2024-03-11 05:34:47,25.5,Dawn / Dusk
243,002846.jpg,PTR-CORE-EP-08,East Pench,core_forest,SAFE,21.66489,79.328203,Camera Trap (Wildlife),,6.74,2024-03-11 14:57:27,36.1,Daylight
114,000382.jpg,PTR-CORE-EP-10,East Pench,core_forest,SAFE,21.680981,79.290168,Camera Trap (Wildlife),,7.39,2024-03-11 15:12:51,35.9,Daylight
243,002727.jpg,PTR-CORE-SAL-18,Saleghat,core_forest,SAFE,21.594821,79.196479,Camera Trap (Wildlife),,6.16,2024-03-11 16:59:13,35.0,Daylight
72,004423.jpg,PTR-CORE-SAL-09,Saleghat,core_forest,SAFE,21.586638,79.204375,Camera Trap (Wildlife),,6.15,2024-03-12 01:54:35,26.4,Night (IR Flash)
13,003321.jpg,PTR-CORE-CHB-01,Chorbahuli,core_forest,SAFE,21.628745,79.25813,Camera Trap (Wildlife),,13.16,2024-03-12 02:01:44,27.0,Night (IR Flash)
172,005082.jpg,PTR-CORE-SAL-02,Saleghat,core_forest,SAFE,21.591366,79.19712,Camera Trap (Wildlife),,5.87,2024-03-12 05:47:08,25.9,Dawn / Dusk
175,000529.jpg,PTR-CORE-EP-06,East Pench,core_forest,SAFE,21.621492,79.32575,Camera Trap (Wildlife),,6.24,2024-03-12 15:45:31,39.9,Daylight
154,003160.jpg,PTR-CORE-DEV-13,Devalapar,core_forest,SAFE,21.716107,79.231074,Camera Trap (Wildlife),,4.92,2024-03-12 22:29:02,27.1,Night (IR Flash)
100,004650.jpg,PTR-CORE-DEV-19,Devalapar,core_forest,SAFE,21.728494,79.240378,Camera Trap (Wildlife),,3.3,2024-03-13 00:49:35,24.2,Night (IR Flash)
154,003986.jpg,PTR-CORE-WP-19,West Pench,core_forest,SAFE,21.673532,79.171047,Camera Trap (Wildlife),,6.88,2024-03-13 01:24:37,24.9,Night (IR Flash)
226,004301.jpg,PTR-CORE-CHB-15,Chorbahuli,core_forest,SAFE,21.67183,79.276982,Camera Trap (Wildlife),,8.85,2024-03-13 04:38:55,26.2,Night (IR Flash)
247,004485.jpg,PTR-CORE-SAL-13,Saleghat,core_forest,SAFE,21.598428,79.188451,Camera Trap (Wildlife),,5.95,2024-03-13 17:41:52,35.7,Dawn / Dusk
153,002943.jpg,PTR-CORE-SAL-16,Saleghat,core_forest,SAFE,21.598211,79.18973,Camera Trap (Wildlife),,5.97,2024-03-13 18:12:30,39.9,Dawn / Dusk
202,004954.jpg,PTR-CORE-DEV-09,Devalapar,core_forest,SAFE,21.733483,79.234253,Camera Trap (Wildlife),,2.98,2024-03-13 20:39:03,25.1,Night (IR Flash)
211,001834.jpg,PTR-CORE-CHB-23,Chorbahuli,core_forest,SAFE,21.623955,79.239136,Camera Trap (Wildlife),,11.54,2024-03-13 22:36:28,23.1,Night (IR Flash)
171,002104.jpg,PTR-CORE-SAL-01,Saleghat,core_forest,SAFE,21.577669,79.199973,Camera Trap (Wildlife),,5.3,2024-03-13 23:16:04,23.9,Night (IR Flash)
90,000736.jpg,PTR-CORE-WP-19,West Pench,core_forest,SAFE,21.673237,79.171564,Camera Trap (Wildlife),,6.88,2024-03-13 23:48:57,27.3,Night (IR Flash)
148,003435.jpg,PTR-CORE-EP-28,East Pench,core_forest,SAFE,21.665046,79.333096,Camera Trap (Wildlife),,6.35,2024-03-14 10:30:12,37.5,Daylight
223,003717.jpg,PTR-BUF-PAO-12,Paoni Buffer,buffer,CAUTION,21.558788,79.204927,Camera Trap (Wildlife),,4.84,2024-03-14 20:03:17,24.0,Night (IR Flash)
250,000152.jpg,PTR-CORE-DEV-01,Devalapar,core_forest,SAFE,21.694032,79.258472,Camera Trap (Wildlife),,6.39,2024-03-14 22:18:45,26.7,Night (IR Flash)
201,000993.jpg,PTR-CORE-DEV-05,Devalapar,core_forest,SAFE,21.731119,79.261793,Camera Trap (Wildlife),,2.3,2024-03-15 03:58:33,24.3,Night (IR Flash)
246,004181.jpg,PTR-CORE-SAL-02,Saleghat,core_forest,SAFE,21.590829,79.196998,Camera Trap (Wildlife),,5.87,2024-03-15 04:04:08,26.1,Night (IR Flash)
222,002267.jpg,PTR-CORE-SAL-08,Saleghat,core_forest,SAFE,21.587638,79.148081,Camera Trap (Wildlife),,3.73,2024-03-15 05:16:18,24.2,Night (IR Flash)
12,000190.jpg,PTR-CORE-EP-11,East Pench,core_forest,SAFE,21.680689,79.339228,Camera Trap (Wildlife),,5.01,2024-03-15 05:17:05,26.5,Night (IR Flash)
139,000904.jpg,PTR-CORE-WP-14,West Pench,core_forest,SAFE,21.689951,79.172647,Camera Trap (Wildlife),,5.74,2024-03-15 11:27:49,39.7,Daylight
237,001945.jpg,PTR-CORE-CHB-03,Chorbahuli,core_forest,SAFE,21.641814,79.276891,Camera Trap (Wildlife),,11.58,2024-03-15 16:45:00,39.6,Daylight
243,004171.jpg,PTR-CORE-EP-09,East Pench,core_forest,SAFE,21.62161,79.331446,Camera Trap (Wildlife),,5.65,2024-03-15 17:17:15,34.9,Dawn / Dusk
217,002335.jpg,PTR-CORE-EP-10,East Pench,core_forest,SAFE,21.680697,79.289985,Camera Trap (Wildlife),,7.39,2024-03-15 17:27:45,36.6,Dawn / Dusk
67,003987.jpg,PTR-CORE-SAL-05,Saleghat,core_forest,SAFE,21.628194,79.20086,Camera Trap (Wildlife),,9.35,2024-03-15 19:23:46,35.6,Night (IR Flash)
274,000783.jpg,PTR-BUF-N-08,North Buffer,buffer,CAUTION,21.740923,79.198926,CCTV / Solar Camera,,2.47,2024-03-15 21:56:28,26.5,Night (IR Flash)
22,001748.jpg,PTR-CORE-CHB-19,Chorbahuli,core_forest,SAFE,21.643237,79.252644,Camera Trap (Wildlife),,12.09,2024-03-15 23:48:20,25.7,Night (IR Flash)
223,002010.jpg,PTR-VIL-KAR-01,Karegaon Edge,village_edge,CRITICAL,21.760178,79.275362,PTZ / AI Camera,Karegaon,0.47,2024-03-16 00:48:06,24.3,Night (IR Flash)
252,001176.jpg,PTR-COR-NH44-04,NH-44 Corridor,buffer,CAUTION,21.556319,79.271342,Camera Trap (Wildlife),,5.98,2024-03-16 01:30:37,27.4,Night (IR Flash)
114,003050.jpg,PTR-BUF-NAG-04,Nagalwadi Buffer,buffer,CAUTION,21.548397,79.282787,Camera Trap (Wildlife),,4.57,2024-03-16 04:30:19,27.3,Night (IR Flash)
202,001147.jpg,PTR-CORE-DEV-11,Devalapar,core_forest,SAFE,21.73506,79.242991,Camera Trap (Wildlife),,2.58,2024-03-16 04:46:36,24.2,Night (IR Flash)
228,004462.jpg,PTR-CORE-SAL-03,Saleghat,core_forest,SAFE,21.598774,79.147759,Camera Trap (Wildlife),,4.68,2024-03-16 05:31:47,25.9,Dawn / Dusk
160,003674.jpg,PTR-CORE-CHB-05,Chorbahuli,core_forest,SAFE,21.644834,79.230617,Camera Trap (Wildlife),,12.25,2024-03-16 17:30:52,38.4,Dawn / Dusk
237,005005.jpg,PTR-CORE-EP-02,East Pench,core_forest,SAFE,21.627755,79.306049,Camera Trap (Wildlife),,8.35,2024-03-16 17:37:19,38.4,Dawn / Dusk
247,001949.jpg,PTR-CORE-SAL-03,Saleghat,core_forest,SAFE,21.598845,79.148455,Camera Trap (Wildlife),,4.68,2024-03-16 19:07:31,39.6,Dawn / Dusk
223,004133.jpg,PTR-CORE-DEV-13,Devalapar,core_forest,SAFE,21.71627,79.230344,Camera Trap (Wildlife),,4.92,2024-03-16 19:49:08,39.5,Dawn / Dusk
249,001079.jpg,PTR-CORE-SAL-15,Saleghat,core_forest,SAFE,21.628255,79.17964,Camera Trap (Wildlife),,8.46,2024-03-16 19:59:30,35.1,Dawn / Dusk
246,000592.jpg,PTR-CORE-SAL-18,Saleghat,core_forest,SAFE,21.595105,79.196056,Camera Trap (Wildlife),,6.16,2024-03-16 22:56:39,24.5,Night (IR Flash)
72,003630.jpg,PTR-CORE-WP-11,West Pench,core_forest,SAFE,21.692671,79.195138,Camera Trap (Wildlife),,6.33,2024-03-17 03:34:52,26.8,Night (IR Flash)
243,000792.jpg,PTR-CORE-EP-24,East Pench,core_forest,SAFE,21.609762,79.309312,Camera Trap (Wildlife),,7.53,2024-03-17 05:28:42,23.8,Dawn / Dusk
64,000877.jpg,PTR-CORE-CHB-05,Chorbahuli,core_forest,SAFE,21.645127,79.230733,Camera Trap (Wildlife),,12.25,2024-03-17 18:36:37,36.6,Dawn / Dusk
237,000418.jpg,PTR-CORE-EP-09,East Pench,core_forest,SAFE,21.622203,79.331269,Camera Trap (Wildlife),,5.65,2024-03-17 18:51:03,37.6,Dawn / Dusk
247,003466.jpg,PTR-CORE-SAL-14,Saleghat,core_forest,SAFE,21.571172,79.16262,Camera Trap (Wildlife),,1.93,2024-03-17 19:29:47,34.1,Dawn / Dusk
217,002959.jpg,PTR-CORE-WP-08,West Pench,core_forest,SAFE,21.676197,79.18647,Camera Trap (Wildlife),,7.55,2024-03-17 20:42:52,27.8,Night (IR Flash)
97,004744.jpg,PTR-CORE-WP-20,West Pench,core_forest,SAFE,21.68974,79.159533,Camera Trap (Wildlife),,5.12,2024-03-17 20:58:50,23.1,Night (IR Flash)
60,002144.jpg,PTR-CORE-EP-03,East Pench,core_forest,SAFE,21.673521,79.337282,Camera Trap (Wildlife),,5.45,2024-03-17 22:18:51,27.2,Night (IR Flash)
54,003425.jpg,PTR-CORE-WP-10,West Pench,core_forest,SAFE,21.725577,79.180245,Camera Trap (Wildlife),,2.61,2024-03-18 01:39:52,23.4,Night (IR Flash)
154,004561.jpg,PTR-CORE-SAL-12,Saleghat,core_forest,SAFE,21.627085,79.205152,Camera Trap (Wildlife),,9.49,2024-03-18 04:08:01,24.7,Night (IR Flash)
160,000257.jpg,PTR-CORE-SAL-04,Saleghat,core_forest,SAFE,21.629959,79.195288,Camera Trap (Wildlife),,9.29,2024-03-18 04:50:49,26.4,Night (IR Flash)
237,002963.jpg,PTR-CORE-EP-26,East Pench,core_forest,SAFE,21.636584,79.304324,Camera Trap (Wildlife),,8.73,2024-03-18 05:57:55,23.2,Night (IR Flash)
246,001595.jpg,PTR-CORE-SAL-05,Saleghat,core_forest,SAFE,21.628061,79.200362,Camera Trap (Wildlife),,9.35,2024-03-18 06:04:37,27.2,Dawn / Dusk
250,001625.jpg,PTR-CORE-WP-04,West Pench,core_forest,SAFE,21.676185,79.155605,Camera Trap (Wildlife),,5.21,2024-03-18 09:51:45,37.3,Daylight
198,002163.jpg,PTR-CORE-EP-26,East Pench,core_forest,SAFE,21.636726,79.304571,Camera Trap (Wildlife),,8.73,2024-03-18 14:08:53,37.8,Daylight
160,004151.jpg,PTR-CORE-CHB-09,Chorbahuli,core_forest,SAFE,21.663485,79.252455,Camera Trap (Wildlife),,9.87,2024-03-18 19:35:09,35.7,Dawn / Dusk
246,003172.jpg,PTR-CORE-SAL-16,Saleghat,core_forest,SAFE,21.598251,79.190296,Camera Trap (Wildlife),,5.97,2024-03-18 20:51:37,24.0,Night (IR Flash)
198,002852.jpg,PTR-CORE-EP-14,East Pench,core_forest,SAFE,21.609754,79.29654,Camera Trap (Wildlife),,8.69,2024-03-18 21:05:36,24.3,Night (IR Flash)
223,000337.jpg,PTR-CORE-DEV-13,Devalapar,core_forest,SAFE,21.715684,79.230816,Camera Trap (Wildlife),,4.92,2024-03-18 22:38:00,24.2,Night (IR Flash)
247,001563.jpg,PTR-CORE-SAL-02,Saleghat,core_forest,SAFE,21.590849,79.196486,Camera Trap (Wildlife),,5.87,2024-03-18 22:55:42,24.0,Night (IR Flash)
267,001023.jpg,PTR-CORE-EP-09,East Pench,core_forest,SAFE,21.621763,79.331467,Camera Trap (Wildlife),,5.65,2024-03-19 01:28:12,25.1,Night (IR Flash)
108,003299.jpg,PTR-CORE-DEV-17,Devalapar,core_forest,SAFE,21.689604,79.217548,Camera Trap (Wildlife),,7.55,2024-03-19 03:53:16,26.2,Night (IR Flash)
153,002009.jpg,PTR-CORE-WP-15,West Pench,core_forest,SAFE,21.711481,79.187155,Camera Trap (Wildlife),,4.26,2024-03-19 05:00:15,26.5,Night (IR Flash)
136,003338.jpg,PTR-CORE-CHB-20,Chorbahuli,core_forest,SAFE,21.628805,79.272418,Camera Trap (Wildlife),,11.75,2024-03-19 09:15:23,38.1,Daylight
175,002210.jpg,PTR-CORE-EP-17,East Pench,core_forest,SAFE,21.653203,79.358299,Camera Trap (Wildlife),,3.82,2024-03-19 09:21:25,35.0,Daylight
55,002075.jpg,PTR-CORE-DEV-04,Devalapar,core_forest,SAFE,21.715177,79.256122,Camera Trap (Wildlife),,4.06,2024-03-19 19:34:07,34.1,Dawn / Dusk
1,001151.jpg,PTR-CORE-EP-05,East Pench,core_forest,SAFE,21.642336,79.292419,Camera Trap (Wildlife),,10.14,2024-03-19 19:37:39,37.2,Night (IR Flash)
252,003411.jpg,PTR-CORE-EP-09,East Pench,core_forest,SAFE,21.621875,79.330979,Camera Trap (Wildlife),,5.65,2024-03-19 21:17:39,23.5,Night (IR Flash)
136,001885.jpg,PTR-CORE-DEV-18,Devalapar,core_forest,SAFE,21.691231,79.252687,Camera Trap (Wildlife),,6.81,2024-03-19 23:40:51,24.6,Night (IR Flash)
160,000463.jpg,PTR-CORE-CHB-14,Chorbahuli,core_forest,SAFE,21.631908,79.223186,Camera Trap (Wildlife),,11.04,2024-03-20 01:58:52,27.2,Night (IR Flash)
136,005150.jpg,PTR-CORE-EP-22,East Pench,core_forest,SAFE,21.622697,79.310384,Camera Trap (Wildlife),,7.79,2024-03-20 02:02:18,26.3,Night (IR Flash)
27,000381.jpg,PTR-CORE-CHB-09,Chorbahuli,core_forest,SAFE,21.663107,79.252731,Camera Trap (Wildlife),,9.87,2024-03-20 12:25:45,38.8,Daylight
82,003339.jpg,PTR-CORE-CHB-09,Chorbahuli,core_forest,SAFE,21.662992,79.252526,Camera Trap (Wildlife),,9.87,2024-03-20 15:10:57,36.7,Daylight
108,000056.jpg,PTR-CORE-CHB-04,Chorbahuli,core_forest,SAFE,21.671625,79.236148,Camera Trap (Wildlife),,9.3,2024-03-20 19:25:48,36.1,Dawn / Dusk
67,000821.jpg,PTR-CORE-DEV-08,Devalapar,core_forest,SAFE,21.69637,79.272057,Camera Trap (Wildlife),,6.26,2024-03-20 23:32:36,25.9,Night (IR Flash)
69,003290.jpg,PTR-CORE-CHB-16,Chorbahuli,core_forest,SAFE,21.616221,79.249535,Camera Trap (Wildlife),,11.83,2024-03-21 02:37:33,27.1,Night (IR Flash)
43,005091.jpg,PTR-CORE-WP-15,West Pench,core_forest,SAFE,21.710867,79.186772,Camera Trap (Wildlife),,4.26,2024-03-21 03:34:05,26.7,Night (IR Flash)
264,003018.jpg,PTR-CORE-WP-09,West Pench,core_forest,SAFE,21.6748,79.148962,Camera Trap (Wildlife),,4.59,2024-03-21 04:00:47,25.1,Night (IR Flash)
268,005061.jpg,PTR-CORE-EP-16,East Pench,core_forest,SAFE,21.681068,79.341576,Camera Trap (Wildlife),,4.79,2024-03-21 04:47:30,26.7,Night (IR Flash)
1,000518.jpg,PTR-CORE-CHB-20,Chorbahuli,core_forest,SAFE,21.628095,79.272765,Camera Trap (Wildlife),,11.75,2024-03-21 05:57:25,24.2,Dawn / Dusk
256,003970.jpg,PTR-CORE-DEV-03,Devalapar,core_forest,SAFE,21.739207,79.253462,Camera Trap (Wildlife),,1.55,2024-03-21 07:24:29,35.8,Dawn / Dusk
108,003011.jpg,PTR-CORE-EP-21,East Pench,core_forest,SAFE,21.670455,79.293668,Camera Trap (Wildlife),,8.45,2024-03-21 08:32:11,36.3,Daylight
217,004464.jpg,PTR-CORE-EP-14,East Pench,core_forest,SAFE,21.608831,79.296837,Camera Trap (Wildlife),,8.69,2024-03-21 16:55:05,39.8,Daylight
153,001332.jpg,PTR-CORE-SAL-05,Saleghat,core_forest,SAFE,21.627719,79.200808,Camera Trap (Wildlife),,9.35,2024-03-21 20:54:15,23.4,Night (IR Flash)
151,004285.jpg,PTR-CORE-DEV-13,Devalapar,core_forest,SAFE,21.715411,79.230772,Camera Trap (Wildlife),,4.92,2024-03-21 21:17:46,27.8,Night (IR Flash)
243,001661.jpg,PTR-CORE-EP-14,East Pench,core_forest,SAFE,21.609456,79.296616,Camera Trap (Wildlife),,8.69,2024-03-21 21:37:42,26.5,Night (IR Flash)
160,005146.jpg,PTR-CORE-CHB-05,Chorbahuli,core_forest,SAFE,21.645001,79.231017,Camera Trap (Wildlife),,12.25,2024-03-22 01:22:06,24.1,Night (IR Flash)
168,003001.jpg,PTR-CORE-EP-03,East Pench,core_forest,SAFE,21.673565,79.337761,Camera Trap (Wildlife),,5.45,2024-03-22 01:40:07,25.7,Night (IR Flash)
153,004467.jpg,PTR-CORE-DEV-06,Devalapar,core_forest,SAFE,21.697198,79.216976,Camera Trap (Wildlife),,6.71,2024-03-22 13:00:30,35.0,Daylight
247,003292.jpg,PTR-CORE-SAL-11,Saleghat,core_forest,SAFE,21.5918,79.170299,Camera Trap (Wildlife),,4.39,2024-03-23 00:41:30,25.0,Night (IR Flash)
1,002035.jpg,PTR-CORE-CHB-12,Chorbahuli,core_forest,SAFE,21.611667,79.27571,Camera Trap (Wildlife),,10.62,2024-03-23 00:56:49,27.0,Night (IR Flash)
82,000185.jpg,PTR-CORE-SAL-12,Saleghat,core_forest,SAFE,21.62738,79.204373,Camera Trap (Wildlife),,9.49,2024-03-23 05:03:57,26.3,Night (IR Flash)
175,003396.jpg,PTR-CORE-EP-23,East Pench,core_forest,SAFE,21.607595,79.305883,Camera Trap (Wildlife),,7.73,2024-03-23 14:51:14,35.3,Daylight
33,004033.jpg,PTR-CORE-CHB-24,Chorbahuli,core_forest,SAFE,21.679883,79.259239,Camera Trap (Wildlife),,8.03,2024-03-23 21:29:05,27.9,Night (IR Flash)
130,000175.jpg,PTR-CORE-DEV-02,Devalapar,core_forest,SAFE,21.694003,79.238001,Camera Trap (Wildlife),,6.83,2024-03-23 23:44:29,27.1,Night (IR Flash)
246,004429.jpg,PTR-COR-NH44-11,NH-44 Corridor,buffer,CAUTION,21.700599,79.269941,Camera Trap (Wildlife),,5.79,2024-03-24 05:08:53,25.8,Dawn / Dusk
60,004206.jpg,PTR-COR-NH44-09,NH-44 Corridor,buffer,CAUTION,21.669263,79.263066,CCTV / Solar Camera,,9.19,2024-03-24 08:51:29,35.3,Daylight
238,001449.jpg,PTR-CORE-SAL-06,Saleghat,core_forest,SAFE,21.619669,79.155179,Camera Trap (Wildlife),,5.87,2024-03-24 19:00:10,39.2,Night (IR Flash)
256,003688.jpg,PTR-CORE-DEV-17,Devalapar,core_forest,SAFE,21.690437,79.217972,Camera Trap (Wildlife),,7.55,2024-03-24 19:41:52,39.5,Night (IR Flash)
247,000528.jpg,PTR-CORE-SAL-06,Saleghat,core_forest,SAFE,21.61912,79.15485,Camera Trap (Wildlife),,5.87,2024-03-24 20:49:07,25.5,Night (IR Flash)
261,002762.jpg,PTR-CORE-EP-13,East Pench,core_forest,SAFE,21.695906,79.313932,Camera Trap (Wildlife),,5.48,2024-03-24 22:47:52,26.0,Night (IR Flash)
153,004911.jpg,PTR-CORE-EP-24,East Pench,core_forest,SAFE,21.60998,79.309204,Camera Trap (Wildlife),,7.53,2024-03-25 00:50:56,27.4,Night (IR Flash)
153,004444.jpg,PTR-CORE-DEV-21,Devalapar,core_forest,SAFE,21.740144,79.247164,Camera Trap (Wildlife),,1.92,2024-03-25 00:54:18,26.0,Night (IR Flash)
54,005121.jpg,PTR-CORE-WP-01,West Pench,core_forest,SAFE,21.691032,79.176142,Camera Trap (Wildlife),,5.73,2024-03-25 01:37:35,25.1,Night (IR Flash)
43,004509.jpg,PTR-CORE-SAL-04,Saleghat,core_forest,SAFE,21.630389,79.195062,Camera Trap (Wildlife),,9.29,2024-03-25 02:15:33,26.2,Night (IR Flash)
264,004504.jpg,PTR-CORE-WP-20,West Pench,core_forest,SAFE,21.689841,79.159788,Camera Trap (Wildlife),,5.12,2024-03-25 04:49:24,27.7,Night (IR Flash)
115,003935.jpg,PTR-CORE-EP-04,East Pench,core_forest,SAFE,21.689423,79.295958,Camera Trap (Wildlife),,6.36,2024-03-25 05:13:44,24.3,Night (IR Flash)
153,001263.jpg,PTR-CORE-SAL-06,Saleghat,core_forest,SAFE,21.61987,79.15516,Camera Trap (Wildlife),,5.87,2024-03-25 05:49:29,26.9,Night (IR Flash)
217,001785.jpg,PTR-CORE-WP-04,West Pench,core_forest,SAFE,21.675775,79.155062,Camera Trap (Wildlife),,5.21,2024-03-25 07:53:14,37.2,Dawn / Dusk
51,000614.jpg,PTR-BUF-N-08,North Buffer,buffer,CAUTION,21.741278,79.199538,CCTV / Solar Camera,,2.47,2024-03-25 08:41:01,36.4,Daylight
55,004741.jpg,PTR-CORE-EP-11,East Pench,core_forest,SAFE,21.680788,79.339228,Camera Trap (Wildlife),,5.01,2024-03-25 11:48:38,35.5,Daylight
243,003909.jpg,PTR-CORE-CHB-01,Chorbahuli,core_forest,SAFE,21.628677,79.258644,Camera Trap (Wildlife),,13.16,2024-03-25 13:18:07,39.8,Daylight
250,003597.jpg,PTR-VIL-KHU-02,Khursapar Edge,village_edge,CRITICAL,21.557399,79.117386,PTZ / AI Camera,Khursapar,0.46,2024-03-25 18:58:38,37.4,Dawn / Dusk
27,002172.jpg,PTR-CORE-DEV-04,Devalapar,core_forest,SAFE,21.715818,79.255779,Camera Trap (Wildlife),,4.06,2024-03-25 19:09:52,35.4,Dawn / Dusk
126,003619.jpg,PTR-CORE-DEV-20,Devalapar,core_forest,SAFE,21.688909,79.238039,Camera Trap (Wildlife),,7.41,2024-03-26 02:09:48,24.2,Night (IR Flash)
91,001232.jpg,PTR-CORE-CHB-04,Chorbahuli,core_forest,SAFE,21.671387,79.236082,Camera Trap (Wildlife),,9.3,2024-03-26 09:01:49,34.9,Daylight
229,002430.jpg,PTR-CORE-CHB-02,Chorbahuli,core_forest,SAFE,21.618006,79.245814,Camera Trap (Wildlife),,11.69,2024-03-26 11:17:34,36.4,Daylight
85,004645.jpg,PTR-CORE-EP-12,East Pench,core_forest,SAFE,21.634155,79.300766,Camera Trap (Wildlife),,9.0,2024-03-26 12:12:07,37.6,Daylight
43,001384.jpg,PTR-CORE-WP-01,West Pench,core_forest,SAFE,21.690961,79.175911,Camera Trap (Wildlife),,5.73,2024-03-26 15:17:44,38.5,Daylight
66,000025.jpg,PTR-CORE-EP-08,East Pench,core_forest,SAFE,21.665285,79.327947,Camera Trap (Wildlife),,6.74,2024-03-26 19:32:02,34.8,Dawn / Dusk
94,002191.jpg,PTR-CORE-DEV-17,Devalapar,core_forest,SAFE,21.689873,79.21759,Camera Trap (Wildlife),,7.55,2024-03-26 22:28:42,23.0,Night (IR Flash)
264,001419.jpg,PTR-CORE-WP-13,West Pench,core_forest,SAFE,21.667069,79.169716,Camera Trap (Wildlife),,6.87,2024-03-26 22:42:45,27.7,Night (IR Flash)
247,001125.jpg,PTR-CORE-SAL-02,Saleghat,core_forest,SAFE,21.591094,79.197119,Camera Trap (Wildlife),,5.87,2024-03-27 00:31:53,28.0,Night (IR Flash)
54,000543.jpg,PTR-CORE-WP-10,West Pench,core_forest,SAFE,21.725739,79.180029,Camera Trap (Wildlife),,2.61,2024-03-27 01:44:22,23.3,Night (IR Flash)
129,002966.jpg,PTR-CORE-WP-14,West Pench,core_forest,SAFE,21.689681,79.172535,Camera Trap (Wildlife),,5.74,2024-03-27 03:18:14,26.8,Night (IR Flash)
66,004540.jpg,PTR-CORE-EP-11,East Pench,core_forest,SAFE,21.680518,79.339323,Camera Trap (Wildlife),,5.01,2024-03-27 17:39:28,37.0,Dawn / Dusk
249,001618.jpg,PTR-CORE-SAL-04,Saleghat,core_forest,SAFE,21.629579,79.194986,Camera Trap (Wildlife),,9.29,2024-03-27 18:49:42,37.2,Dawn / Dusk
246,001273.jpg,PTR-CORE-WP-09,West Pench,core_forest,SAFE,21.675474,79.148765,Camera Trap (Wildlife),,4.59,2024-03-27 18:58:11,37.8,Dawn / Dusk
226,001800.jpg,PTR-CORE-CHB-17,Chorbahuli,core_forest,SAFE,21.614934,79.266122,Camera Trap (Wildlife),,11.52,2024-03-27 22:56:15,24.2,Night (IR Flash)
259,000816.jpg,PTR-CORE-SAL-09,Saleghat,core_forest,SAFE,21.586902,79.204581,Camera Trap (Wildlife),,6.15,2024-03-27 23:35:59,25.5,Night (IR Flash)
244,001990.jpg,PTR-CORE-WP-20,West Pench,core_forest,SAFE,21.689973,79.159739,Camera Trap (Wildlife),,5.12,2024-03-28 05:10:48,27.0,Dawn / Dusk
136,003144.jpg,PTR-CORE-WP-04,West Pench,core_forest,SAFE,21.67643,79.155746,Camera Trap (Wildlife),,5.21,2024-03-28 05:51:42,26.0,Night (IR Flash)
154,003080.jpg,PTR-CORE-WP-20,West Pench,core_forest,SAFE,21.68965,79.159386,Camera Trap (Wildlife),,5.12,2024-03-28 18:46:29,38.4,Dawn / Dusk
153,001491.jpg,PTR-CORE-CHB-09,Chorbahuli,core_forest,SAFE,21.663754,79.251917,Camera Trap (Wildlife),,9.87,2024-03-28 21:39:34,23.5,Night (IR Flash)
171,004378.jpg,PTR-CORE-EP-14,East Pench,core_forest,SAFE,21.609736,79.296581,Camera Trap (Wildlife),,8.69,2024-03-28 21:51:32,26.6,Night (IR Flash)
153,004125.jpg,PTR-CORE-WP-01,West Pench,core_forest,SAFE,21.690867,79.17668,Camera Trap (Wildlife),,5.73,2024-03-28 21:57:03,26.9,Night (IR Flash)
100,000645.jpg,PTR-CORE-DEV-13,Devalapar,core_forest,SAFE,21.716253,79.230692,Camera Trap (Wildlife),,4.92,2024-03-28 23:22:08,23.3,Night (IR Flash)
246,004809.jpg,PTR-CORE-SAL-15,Saleghat,core_forest,SAFE,21.627699,79.18024,Camera Trap (Wildlife),,8.46,2024-03-29 00:16:35,25.3,Night (IR Flash)
114,002179.jpg,PTR-CORE-CHB-20,Chorbahuli,core_forest,SAFE,21.629001,79.272413,Camera Trap (Wildlife),,11.75,2024-03-29 02:57:01,23.1,Night (IR Flash)
261,001531.jpg,PTR-CORE-EP-08,East Pench,core_forest,SAFE,21.664997,79.328516,Camera Trap (Wildlife),,6.74,2024-03-29 04:00:16,26.2,Night (IR Flash)
249,004557.jpg,PTR-CORE-SAL-07,Saleghat,core_forest,SAFE,21.594461,79.158223,Camera Trap (Wildlife),,4.34,2024-03-29 05:07:48,24.2,Night (IR Flash)
172,005071.jpg,PTR-CORE-SAL-09,Saleghat,core_forest,SAFE,21.586693,79.204232,Camera Trap (Wildlife),,6.15,2024-03-29 17:40:55,36.0,Dawn / Dusk
246,003128.jpg,PTR-CORE-SAL-04,Saleghat,core_forest,SAFE,21.62957,79.195249,Camera Trap (Wildlife),,9.29,2024-03-29 20:08:40,24.3,Night (IR Flash)
154,002819.jpg,PTR-CORE-WP-06,West Pench,core_forest,SAFE,21.675688,79.20321,Camera Trap (Wildlife),,8.39,2024-03-29 21:36:11,25.8,Night (IR Flash)
264,002276.jpg,PTR-CORE-SAL-15,Saleghat,core_forest,SAFE,21.628295,79.18016,Camera Trap (Wildlife),,8.46,2024-03-29 22:57:22,26.1,Night (IR Flash)
226,004966.jpg,PTR-CORE-EP-26,East Pench,core_forest,SAFE,21.636948,79.30507,Camera Trap (Wildlife),,8.73,2024-03-30 02:19:36,28.0,Night (IR Flash)
88,004168.jpg,PTR-CORE-DEV-08,Devalapar,core_forest,SAFE,21.696507,79.271913,Camera Trap (Wildlife),,6.26,2024-03-30 07:33:00,39.6,Dawn / Dusk
40,001879.jpg,PTR-CORE-SAL-11,Saleghat,core_forest,SAFE,21.591923,79.170162,Camera Trap (Wildlife),,4.39,2024-03-30 17:06:33,36.1,Dawn / Dusk
229,003131.jpg,PTR-CORE-CHB-17,Chorbahuli,core_forest,SAFE,21.614823,79.26579,Camera Trap (Wildlife),,11.52,2024-03-30 19:01:05,35.8,Dawn / Dusk
153,001590.jpg,PTR-CORE-WP-08,West Pench,core_forest,SAFE,21.676713,79.186697,Camera Trap (Wildlife),,7.55,2024-03-30 19:07:03,39.2,Night (IR Flash)
160,001554.jpg,PTR-CORE-SAL-07,Saleghat,core_forest,SAFE,21.594285,79.157749,Camera Trap (Wildlife),,4.34,2024-03-30 20:16:57,24.0,Night (IR Flash)
154,002504.jpg,PTR-CORE-DEV-06,Devalapar,core_forest,SAFE,21.697525,79.21725,Camera Trap (Wildlife),,6.71,2024-03-31 01:32:40,26.6,Night (IR Flash)
246,003134.jpg,PTR-CORE-SAL-09,Saleghat,core_forest,SAFE,21.586744,79.204361,Camera Trap (Wildlife),,6.15,2024-03-31 04:13:51,26.4,Night (IR Flash)
153,000927.jpg,PTR-CORE-DEV-09,Devalapar,core_forest,SAFE,21.733309,79.23367,Camera Trap (Wildlife),,2.98,2024-03-31 05:17:15,25.9,Night (IR Flash)
208,001286.jpg,PTR-CORE-SAL-10,Saleghat,core_forest,SAFE,21.578301,79.192477,Camera Trap (Wildlife),,4.63,2024-03-31 07:10:28,36.8,Dawn / Dusk
259,001087.jpg,PTR-CORE-CHB-23,Chorbahuli,core_forest,SAFE,21.623753,79.238449,Camera Trap (Wildlife),,11.54,2024-03-31 07:23:18,36.6,Dawn / Dusk
246,004821.jpg,PTR-CORE-SAL-15,Saleghat,core_forest,SAFE,21.628307,79.179784,Camera Trap (Wildlife),,8.46,2024-03-31 13:56:28,34.9,Daylight
76,000155.jpg,PTR-CORE-DEV-17,Devalapar,core_forest,SAFE,21.689812,79.217781,Camera Trap (Wildlife),,7.55,2024-03-31 18:54:20,38.6,Dawn / Dusk
148,003658.jpg,PTR-CORE-EP-08,East Pench,core_forest,SAFE,21.665455,79.327885,Camera Trap (Wildlife),,6.74,2024-03-31 19:06:36,34.6,Dawn / Dusk
109,003155.jpg,PTR-CORE-CHB-02,Chorbahuli,core_forest,SAFE,21.617884,79.245631,Camera Trap (Wildlife),,11.69,2024-03-31 22:59:01,25.1,Night (IR Flash)
114,002090.jpg,PTR-CORE-EP-19,East Pench,core_forest,SAFE,21.682479,79.333025,Camera Trap (Wildlife),,5.49,2024-03-31 23:19:57,24.7,Night (IR Flash)
145,004730.jpg,PTR-CORE-DEV-18,Devalapar,core_forest,SAFE,21.691211,79.252539,Camera Trap (Wildlife),,6.81,2024-04-01 01:58:00,23.6,Night (IR Flash)
3,002373.jpg,PTR-CORE-SAL-03,Saleghat,core_forest,SAFE,21.598791,79.147719,Camera Trap (Wildlife),,4.68,2024-04-01 02:08:20,23.3,Night (IR Flash)
3,001014.jpg,PTR-CORE-SAL-03,Saleghat,core_forest,SAFE,21.598979,79.148264,Camera Trap (Wildlife),,4.68,2024-04-01 03:40:02,25.3,Night (IR Flash)
261,000079.jpg,PTR-CORE-CHB-04,Chorbahuli,core_forest,SAFE,21.671024,79.236011,Camera Trap (Wildlife),,9.3,2024-04-01 03:58:31,24.4,Night (IR Flash)
88,000189.jpg,PTR-CORE-DEV-20,Devalapar,core_forest,SAFE,21.688008,79.238199,Camera Trap (Wildlife),,7.41,2024-04-01 13:28:59,38.7,Daylight
57,003236.jpg,PTR-CORE-EP-18,East Pench,core_forest,SAFE,21.637483,79.328476,Camera Trap (Wildlife),,6.48,2024-04-01 16:12:36,38.5,Daylight
160,002527.jpg,PTR-CORE-SAL-05,Saleghat,core_forest,SAFE,21.627724,79.200913,Camera Trap (Wildlife),,9.35,2024-04-01 19:38:44,37.9,Night (IR Flash)
6,000233.jpg,PTR-CORE-WP-13,West Pench,core_forest,SAFE,21.667232,79.170605,Camera Trap (Wildlife),,6.87,2024-04-01 22:25:08,24.7,Night (IR Flash)
64,003659.jpg,PTR-CORE-DEV-01,Devalapar,core_forest,SAFE,21.693934,79.259227,Camera Trap (Wildlife),,6.39,2024-04-01 23:43:33,24.4,Night (IR Flash)
97,004843.jpg,PTR-CORE-WP-14,West Pench,core_forest,SAFE,21.689346,79.172991,Camera Trap (Wildlife),,5.74,2024-04-01 23:46:03,24.3,Night (IR Flash)
247,004851.jpg,PTR-CORE-SAL-01,Saleghat,core_forest,SAFE,21.577722,79.200278,Camera Trap (Wildlife),,5.3,2024-04-02 00:24:58,24.4,Night (IR Flash)
85,001714.jpg,PTR-CORE-EP-06,East Pench,core_forest,SAFE,21.621703,79.325114,Camera Trap (Wildlife),,6.24,2024-04-02 01:16:14,27.0,Night (IR Flash)
153,001839.jpg,PTR-CORE-DEV-10,Devalapar,core_forest,SAFE,21.721122,79.238442,Camera Trap (Wildlife),,4.07,2024-04-02 05:24:30,24.2,Dawn / Dusk
109,004975.jpg,PTR-CORE-SAL-14,Saleghat,core_forest,SAFE,21.570459,79.162431,Camera Trap (Wildlife),,1.93,2024-04-02 05:35:28,24.0,Dawn / Dusk
28,002287.jpg,PTR-CORE-EP-05,East Pench,core_forest,SAFE,21.642572,79.29179,Camera Trap (Wildlife),,10.14,2024-04-02 14:40:19,34.3,Daylight
201,000630.jpg,PTR-CORE-DEV-19,Devalapar,core_forest,SAFE,21.728882,79.240683,Camera Trap (Wildlife),,3.3,2024-04-02 19:50:06,37.3,Night (IR Flash)
106,000534.jpg,PTR-CORE-DEV-16,Devalapar,core_forest,SAFE,21.740059,79.24525,Camera Trap (Wildlife),,2.01,2024-04-02 20:37:39,24.9,Night (IR Flash)
40,004600.jpg,PTR-CORE-SAL-08,Saleghat,core_forest,SAFE,21.587869,79.148311,Camera Trap (Wildlife),,3.73,2024-04-02 22:46:24,27.9,Night (IR Flash)
265,001267.jpg,PTR-CORE-EP-20,East Pench,core_forest,SAFE,21.685867,79.33016,Camera Trap (Wildlife),,5.71,2024-04-03 00:06:24,25.6,Night (IR Flash)
154,001842.jpg,PTR-CORE-CHB-04,Chorbahuli,core_forest,SAFE,21.671392,79.236111,Camera Trap (Wildlife),,9.3,2024-04-03 02:14:20,26.7,Night (IR Flash)
256,003586.jpg,PTR-CORE-DEV-07,Devalapar,core_forest,SAFE,21.702753,79.230692,Camera Trap (Wildlife),,6.27,2024-04-03 05:19:30,25.7,Dawn / Dusk
256,004946.jpg,PTR-BUF-E-08,East Buffer,buffer,CAUTION,21.591631,79.38692,Camera Trap (Wildlife),,1.76,2024-04-03 07:08:51,39.7,Dawn / Dusk
265,003779.jpg,PTR-CORE-EP-19,East Pench,core_forest,SAFE,21.682555,79.333605,Camera Trap (Wildlife),,5.49,2024-04-03 19:33:22,36.4,Dawn / Dusk
3,004088.jpg,PTR-CORE-SAL-08,Saleghat,core_forest,SAFE,21.588252,79.148135,Camera Trap (Wildlife),,3.73,2024-04-03 19:38:10,34.2,Night (IR Flash)
265,002774.jpg,PTR-CORE-EP-20,East Pench,core_forest,SAFE,21.685924,79.330043,Camera Trap (Wildlife),,5.71,2024-04-03 20:25:37,27.0,Night (IR Flash)
54,001260.jpg,PTR-CORE-WP-13,West Pench,core_forest,SAFE,21.66697,79.169949,Camera Trap (Wildlife),,6.87,2024-04-03 23:37:12,25.5,Night (IR Flash)
153,001676.jpg,PTR-CORE-WP-13,West Pench,core_forest,SAFE,21.667064,79.169832,Camera Trap (Wildlife),,6.87,2024-04-04 02:06:27,27.2,Night (IR Flash)
247,000525.jpg,PTR-CORE-SAL-10,Saleghat,core_forest,SAFE,21.578263,79.192134,Camera Trap (Wildlife),,4.63,2024-04-04 02:40:14,24.8,Night (IR Flash)
100,002683.jpg,PTR-CORE-DEV-14,Devalapar,core_forest,SAFE,21.716902,79.268913,Camera Trap (Wildlife),,3.97,2024-04-04 05:07:42,27.6,Night (IR Flash)
72,000096.jpg,PTR-CORE-CHB-10,Chorbahuli,core_forest,SAFE,21.664975,79.25167,Camera Trap (Wildlife),,9.75,2024-04-04 05:34:54,25.5,Night (IR Flash)
243,003538.jpg,PTR-CORE-EP-12,East Pench,core_forest,SAFE,21.63414,79.301174,Camera Trap (Wildlife),,9.0,2024-04-04 06:47:58,27.4,Dawn / Dusk
168,001478.jpg,PTR-CORE-EP-17,East Pench,core_forest,SAFE,21.653129,79.358488,Camera Trap (Wildlife),,3.82,2024-04-04 16:20:11,36.7,Daylight
244,000042.jpg,PTR-CORE-WP-02,West Pench,core_forest,SAFE,21.668587,79.155652,Camera Trap (Wildlife),,5.38,2024-04-04 23:40:30,27.3,Night (IR Flash)
229,004281.jpg,PTR-CORE-CHB-16,Chorbahuli,core_forest,SAFE,21.615567,79.248723,Camera Trap (Wildlife),,11.83,2024-04-05 00:37:07,24.1,Night (IR Flash)
198,002889.jpg,PTR-CORE-CHB-17,Chorbahuli,core_forest,SAFE,21.614538,79.265153,Camera Trap (Wildlife),,11.52,2024-04-05 01:51:09,27.1,Night (IR Flash)
265,000050.jpg,PTR-CORE-EP-16,East Pench,core_forest,SAFE,21.680825,79.340607,Camera Trap (Wildlife),,4.79,2024-04-05 03:15:46,26.7,Night (IR Flash)
250,000426.jpg,PTR-CORE-WP-13,West Pench,core_forest,SAFE,21.666382,79.169835,Camera Trap (Wildlife),,6.87,2024-04-05 04:17:36,24.5,Night (IR Flash)
238,004269.jpg,PTR-CORE-CHB-03,Chorbahuli,core_forest,SAFE,21.641859,79.277341,Camera Trap (Wildlife),,11.58,2024-04-05 05:22:04,23.3,Dawn / Dusk
229,002752.jpg,PTR-CORE-CHB-14,Chorbahuli,core_forest,SAFE,21.631763,79.223332,Camera Trap (Wildlife),,11.04,2024-04-05 19:52:01,34.8,Night (IR Flash)
55,004476.jpg,PTR-CORE-DEV-04,Devalapar,core_forest,SAFE,21.715176,79.255783,Camera Trap (Wildlife),,4.06,2024-04-05 19:55:24,36.3,Night (IR Flash)
246,004850.jpg,PTR-CORE-SAL-11,Saleghat,core_forest,SAFE,21.592123,79.170659,Camera Trap (Wildlife),,4.39,2024-04-06 04:22:50,23.0,Night (IR Flash)
3,002477.jpg,PTR-CORE-SAL-03,Saleghat,core_forest,SAFE,21.598998,79.147931,Camera Trap (Wildlife),,4.68,2024-04-06 18:51:58,35.5,Dawn / Dusk
175,001824.jpg,PTR-CORE-EP-17,East Pench,core_forest,SAFE,21.653201,79.358588,Camera Trap (Wildlife),,3.82,2024-04-06 21:30:55,28.0,Night (IR Flash)
249,004752.jpg,PTR-CORE-SAL-16,Saleghat,core_forest,SAFE,21.597683,79.190041,Camera Trap (Wildlife),,5.97,2024-04-06 21:40:59,23.8,Night (IR Flash)
126,000838.jpg,PTR-BUF-W-04,West Buffer,buffer,CAUTION,21.627632,79.138277,CCTV / Solar Camera,,4.27,2024-04-06 21:53:32,23.4,Night (IR Flash)
249,004511.jpg,PTR-CORE-WP-17,West Pench,core_forest,SAFE,21.688028,79.164239,Camera Trap (Wildlife),,5.57,2024-04-06 22:43:31,24.9,Night (IR Flash)
264,003496.jpg,PTR-CORE-WP-05,West Pench,core_forest,SAFE,21.665029,79.184519,Camera Trap (Wildlife),,8.32,2024-04-07 01:11:52,24.3,Night (IR Flash)
264,001704.jpg,PTR-CORE-SAL-04,Saleghat,core_forest,SAFE,21.629486,79.195617,Camera Trap (Wildlife),,9.29,2024-04-07 03:36:41,25.7,Night (IR Flash)
208,005053.jpg,PTR-CORE-SAL-09,Saleghat,core_forest,SAFE,21.586213,79.204018,Camera Trap (Wildlife),,6.15,2024-04-07 12:32:05,38.9,Daylight
66,002110.jpg,PTR-CORE-CHB-13,Chorbahuli,core_forest,SAFE,21.671911,79.269642,Camera Trap (Wildlife),,8.99,2024-04-07 13:13:23,37.9,Daylight
78,004927.jpg,PTR-CORE-CHB-14,Chorbahuli,core_forest,SAFE,21.631169,79.22308,Camera Trap (Wildlife),,11.04,2024-04-07 19:59:20,36.2,Dawn / Dusk
24,002017.jpg,PTR-CORE-EP-18,East Pench,core_forest,SAFE,21.63772,79.3289,Camera Trap (Wildlife),,6.48,2024-04-07 20:46:58,24.4,Night (IR Flash)
153,001410.jpg,PTR-CORE-WP-18,West Pench,core_forest,SAFE,21.720672,79.157409,Camera Trap (Wildlife),,2.2,2024-04-07 22:36:08,26.6,Night (IR Flash)
177,002458.jpg,PTR-CORE-WP-10,West Pench,core_forest,SAFE,21.725109,79.179911,Camera Trap (Wildlife),,2.61,2024-04-08 00:03:51,25.4,Night (IR Flash)
243,004050.jpg,PTR-CORE-EP-09,East Pench,core_forest,SAFE,21.622517,79.331305,Camera Trap (Wildlife),,5.65,2024-04-08 01:26:48,27.9,Night (IR Flash)
265,000021.jpg,PTR-CORE-EP-16,East Pench,core_forest,SAFE,21.680733,79.340996,Camera Trap (Wildlife),,4.79,2024-04-08 01:47:00,23.6,Night (IR Flash)
69,001280.jpg,PTR-CORE-DEV-01,Devalapar,core_forest,SAFE,21.69455,79.258456,Camera Trap (Wildlife),,6.39,2024-04-08 03:26:22,26.8,Night (IR Flash)
202,001849.jpg,PTR-CORE-DEV-09,Devalapar,core_forest,SAFE,21.733131,79.233718,Camera Trap (Wildlife),,2.98,2024-04-08 06:02:18,25.1,Dawn / Dusk
34,004421.jpg,PTR-CORE-SAL-05,Saleghat,core_forest,SAFE,21.628136,79.20075,Camera Trap (Wildlife),,9.35,2024-04-08 09:40:28,37.0,Daylight
91,002920.jpg,PTR-CORE-SAL-18,Saleghat,core_forest,SAFE,21.595035,79.196535,Camera Trap (Wildlife),,6.16,2024-04-08 15:20:40,39.3,Daylight
168,002570.jpg,PTR-CORE-EP-20,East Pench,core_forest,SAFE,21.686647,79.330146,Camera Trap (Wildlife),,5.71,2024-04-08 20:13:58,27.3,Night (IR Flash)
247,001421.jpg,PTR-CORE-SAL-13,Saleghat,core_forest,SAFE,21.598421,79.188099,Camera Trap (Wildlife),,5.95,2024-04-09 00:14:40,26.6,Night (IR Flash)
67,004305.jpg,PTR-CORE-SAL-08,Saleghat,core_forest,SAFE,21.588439,79.148505,Camera Trap (Wildlife),,3.73,2024-04-09 04:10:56,24.5,Night (IR Flash)
187,000489.jpg,PTR-CORE-EP-26,East Pench,core_forest,SAFE,21.636805,79.305031,Camera Trap (Wildlife),,8.73,2024-04-09 05:20:22,25.2,Night (IR Flash)
67,003234.jpg,PTR-CORE-WP-19,West Pench,core_forest,SAFE,21.673256,79.171746,Camera Trap (Wildlife),,6.88,2024-04-09 05:46:28,27.9,Night (IR Flash)
153,002646.jpg,PTR-CORE-DEV-11,Devalapar,core_forest,SAFE,21.73549,79.242447,Camera Trap (Wildlife),,2.58,2024-04-09 05:47:58,26.6,Night (IR Flash)
100,005137.jpg,PTR-CORE-EP-25,East Pench,core_forest,SAFE,21.66379,79.315255,Camera Trap (Wildlife),,7.96,2024-04-09 05:58:04,24.5,Night (IR Flash)
154,004971.jpg,PTR-CORE-DEV-02,Devalapar,core_forest,SAFE,21.693538,79.238204,Camera Trap (Wildlife),,6.83,2024-04-09 06:02:40,27.0,Dawn / Dusk
240,001237.jpg,PTR-CORE-CHB-16,Chorbahuli,core_forest,SAFE,21.615764,79.248736,Camera Trap (Wildlife),,11.83,2024-04-09 07:05:27,39.9,Dawn / Dusk
145,004252.jpg,PTR-BUF-N-05,North Buffer,buffer,CAUTION,21.752434,79.244977,Camera Trap (Wildlife),,0.98,2024-04-09 07:14:46,39.8,Dawn / Dusk
42,003276.jpg,PTR-CORE-CHB-08,Chorbahuli,core_forest,SAFE,21.652516,79.229505,Camera Trap (Wildlife),,11.48,2024-04-09 07:17:35,36.2,Dawn / Dusk
264,001168.jpg,PTR-CORE-DEV-06,Devalapar,core_forest,SAFE,21.697107,79.217288,Camera Trap (Wildlife),,6.71,2024-04-09 09:50:04,34.5,Daylight
256,004456.jpg,PTR-CORE-CHB-09,Chorbahuli,core_forest,SAFE,21.663019,79.252074,Camera Trap (Wildlife),,9.87,2024-04-09 14:48:35,37.9,Daylight
27,002369.jpg,PTR-CORE-DEV-13,Devalapar,core_forest,SAFE,21.715892,79.230365,Camera Trap (Wildlife),,4.92,2024-04-09 20:36:05,27.4,Night (IR Flash)
153,003829.jpg,PTR-CORE-CHB-07,Chorbahuli,core_forest,SAFE,21.631333,79.258162,Camera Trap (Wildlife),,13.21,2024-04-09 21:24:09,23.7,Night (IR Flash)
160,000521.jpg,PTR-CORE-SAL-16,Saleghat,core_forest,SAFE,21.597891,79.189518,Camera Trap (Wildlife),,5.97,2024-04-09 21:24:50,23.6,Night (IR Flash)
249,004091.jpg,PTR-CORE-SAL-04,Saleghat,core_forest,SAFE,21.629909,79.194873,Camera Trap (Wildlife),,9.29,2024-04-10 00:26:17,23.2,Night (IR Flash)
106,002452.jpg,PTR-CORE-DEV-04,Devalapar,core_forest,SAFE,21.715135,79.25606,Camera Trap (Wildlife),,4.06,2024-04-10 00:51:39,26.1,Night (IR Flash)
274,000896.jpg,PTR-CORE-WP-11,West Pench,core_forest,SAFE,21.692847,79.194976,Camera Trap (Wildlife),,6.33,2024-04-10 01:53:48,24.9,Night (IR Flash)
42,004400.jpg,PTR-CORE-EP-05,East Pench,core_forest,SAFE,21.642331,79.292493,Camera Trap (Wildlife),,10.14,2024-04-10 06:19:33,25.3,Dawn / Dusk
78,005081.jpg,PTR-CORE-CHB-14,Chorbahuli,core_forest,SAFE,21.632003,79.223768,Camera Trap (Wildlife),,11.04,2024-04-10 06:54:51,25.1,Dawn / Dusk
265,003381.jpg,PTR-CORE-EP-20,East Pench,core_forest,SAFE,21.686259,79.330501,Camera Trap (Wildlife),,5.71,2024-04-10 07:57:21,34.3,Dawn / Dusk
97,004555.jpg,PTR-CORE-WP-08,West Pench,core_forest,SAFE,21.67653,79.186476,Camera Trap (Wildlife),,7.55,2024-04-10 09:28:29,37.5,Daylight
249,001224.jpg,PTR-CORE-SAL-06,Saleghat,core_forest,SAFE,21.619852,79.155152,Camera Trap (Wildlife),,5.87,2024-04-11 06:08:37,26.1,Dawn / Dusk
153,002978.jpg,PTR-CORE-CHB-04,Chorbahuli,core_forest,SAFE,21.671276,79.23589,Camera Trap (Wildlife),,9.3,2024-04-11 10:48:17,37.3,Daylight
154,000696.jpg,PTR-CORE-WP-03,West Pench,core_forest,SAFE,21.683905,79.180931,Camera Trap (Wildlife),,6.62,2024-04-11 20:22:46,27.8,Night (IR Flash)
153,003607.jpg,PTR-CORE-WP-06,West Pench,core_forest,SAFE,21.675865,79.203568,Camera Trap (Wildlife),,8.39,2024-04-12 00:08:01,25.0,Night (IR Flash)
78,003670.jpg,PTR-CORE-SAL-14,Saleghat,core_forest,SAFE,21.570693,79.162315,Camera Trap (Wildlife),,1.93,2024-04-12 01:42:53,26.7,Night (IR Flash)
136,002112.jpg,PTR-CORE-CHB-04,Chorbahuli,core_forest,SAFE,21.671803,79.23553,Camera Trap (Wildlife),,9.3,2024-04-12 04:47:44,27.7,Night (IR Flash)
175,003612.jpg,PTR-CORE-EP-22,East Pench,core_forest,SAFE,21.622979,79.310681,Camera Trap (Wildlife),,7.79,2024-04-12 19:59:24,35.2,Night (IR Flash)
265,004260.jpg,PTR-CORE-EP-20,East Pench,core_forest,SAFE,21.685979,79.330596,Camera Trap (Wildlife),,5.71,2024-04-12 20:56:46,23.3,Night (IR Flash)
202,000357.jpg,PTR-CORE-DEV-10,Devalapar,core_forest,SAFE,21.720635,79.238814,Camera Trap (Wildlife),,4.07,2024-04-13 02:22:03,26.9,Night (IR Flash)
171,003649.jpg,PTR-COR-NH44-11,NH-44 Corridor,buffer,CAUTION,21.700695,79.269924,Camera Trap (Wildlife),,5.79,2024-04-13 02:31:56,23.3,Night (IR Flash)
273,004639.jpg,PTR-CORE-CHB-11,Chorbahuli,core_forest,SAFE,21.609771,79.239199,Camera Trap (Wildlife),,10.63,2024-04-13 05:15:08,24.4,Night (IR Flash)
27,005069.jpg,PTR-CORE-DEV-12,Devalapar,core_forest,SAFE,21.699166,79.229616,Camera Trap (Wildlife),,6.6,2024-04-13 17:42:46,34.4,Dawn / Dusk
222,001574.jpg,PTR-CORE-SAL-06,Saleghat,core_forest,SAFE,21.61914,79.155061,Camera Trap (Wildlife),,5.87,2024-04-13 19:05:57,35.0,Night (IR Flash)
153,000938.jpg,PTR-CORE-WP-05,West Pench,core_forest,SAFE,21.664599,79.184313,Camera Trap (Wildlife),,8.32,2024-04-13 19:51:59,37.5,Night (IR Flash)
250,001170.jpg,PTR-CORE-WP-04,West Pench,core_forest,SAFE,21.676253,79.155495,Camera Trap (Wildlife),,5.21,2024-04-13 22:43:07,26.3,Night (IR Flash)
132,000524.jpg,PTR-CORE-EP-18,East Pench,core_forest,SAFE,21.637788,79.328483,Camera Trap (Wildlife),,6.48,2024-04-14 02:12:02,26.9,Night (IR Flash)
57,004314.jpg,PTR-CORE-EP-18,East Pench,core_forest,SAFE,21.637416,79.329052,Camera Trap (Wildlife),,6.48,2024-04-14 07:36:08,34.6,Dawn / Dusk
117,000799.jpg,PTR-CORE-CHB-03,Chorbahuli,core_forest,SAFE,21.641758,79.276804,Camera Trap (Wildlife),,11.58,2024-04-14 10:15:38,37.1,Daylight
247,003595.jpg,PTR-CORE-SAL-05,Saleghat,core_forest,SAFE,21.628168,79.200487,Camera Trap (Wildlife),,9.35,2024-04-14 13:50:38,37.5,Daylight
237,003741.jpg,PTR-CORE-CHB-01,Chorbahuli,core_forest,SAFE,21.628856,79.25859,Camera Trap (Wildlife),,13.16,2024-04-14 16:14:57,39.8,Daylight
106,002461.jpg,PTR-CORE-DEV-24,Devalapar,core_forest,SAFE,21.722499,79.247625,Camera Trap (Wildlife),,3.53,2024-04-14 19:06:18,35.3,Dawn / Dusk
187,003267.jpg,PTR-CORE-CHB-20,Chorbahuli,core_forest,SAFE,21.628328,79.272133,Camera Trap (Wildlife),,11.75,2024-04-14 21:50:10,26.8,Night (IR Flash)
76,004631.jpg,PTR-CORE-WP-06,West Pench,core_forest,SAFE,21.675671,79.203147,Camera Trap (Wildlife),,8.39,2024-04-14 22:35:32,24.8,Night (IR Flash)
60,000701.jpg,PTR-CORE-EP-04,East Pench,core_forest,SAFE,21.68967,79.296075,Camera Trap (Wildlife),,6.36,2024-04-15 04:53:54,25.8,Night (IR Flash)
13,000560.jpg,PTR-CORE-CHB-19,Chorbahuli,core_forest,SAFE,21.643157,79.252595,Camera Trap (Wildlife),,12.09,2024-04-15 17:13:11,34.7,Dawn / Dusk
97,001258.jpg,PTR-CORE-WP-13,West Pench,core_forest,SAFE,21.66669,79.170435,Camera Trap (Wildlife),,6.87,2024-04-15 18:14:46,35.4,Dawn / Dusk
130,001600.jpg,PTR-CORE-CHB-05,Chorbahuli,core_forest,SAFE,21.645417,79.230235,Camera Trap (Wildlife),,12.25,2024-04-15 20:41:41,23.9,Night (IR Flash)
181,002188.jpg,PTR-CORE-EP-24,East Pench,core_forest,SAFE,21.610598,79.309588,Camera Trap (Wildlife),,7.53,2024-04-15 20:59:14,25.2,Night (IR Flash)
64,001189.jpg,PTR-CORE-DEV-02,Devalapar,core_forest,SAFE,21.694275,79.237683,Camera Trap (Wildlife),,6.83,2024-04-15 22:44:18,26.6,Night (IR Flash)
238,005132.jpg,PTR-CORE-SAL-02,Saleghat,core_forest,SAFE,21.591294,79.196295,Camera Trap (Wildlife),,5.87,2024-04-16 00:00:12,23.3,Night (IR Flash)
213,000225.jpg,PTR-BUF-N-15,North Buffer,buffer,CAUTION,21.739175,79.244936,Camera Trap (Wildlife),,2.1,2024-04-16 00:26:16,27.0,Night (IR Flash)
175,004086.jpg,PTR-CORE-EP-05,East Pench,core_forest,SAFE,21.64235,79.291864,Camera Trap (Wildlife),,10.14,2024-04-16 01:13:29,26.9,Night (IR Flash)
153,001952.jpg,PTR-COR-NH44-10,NH-44 Corridor,buffer,CAUTION,21.583962,79.267031,Camera Trap (Wildlife),,8.81,2024-04-16 04:39:57,27.1,Night (IR Flash)
136,003374.jpg,PTR-CORE-CHB-07,Chorbahuli,core_forest,SAFE,21.630637,79.258317,Camera Trap (Wildlife),,13.21,2024-04-16 05:27:05,26.4,Night (IR Flash)
117,003930.jpg,PTR-CORE-CHB-17,Chorbahuli,core_forest,SAFE,21.614662,79.265689,Camera Trap (Wildlife),,11.52,2024-04-16 05:32:55,25.8,Night (IR Flash)
90,004292.jpg,PTR-CORE-WP-11,West Pench,core_forest,SAFE,21.692662,79.19497,Camera Trap (Wildlife),,6.33,2024-04-16 06:45:28,23.4,Dawn / Dusk
247,002962.jpg,PTR-CORE-SAL-08,Saleghat,core_forest,SAFE,21.587914,79.14889,Camera Trap (Wildlife),,3.73,2024-04-16 07:21:57,35.1,Dawn / Dusk
55,002632.jpg,PTR-CORE-EP-10,East Pench,core_forest,SAFE,21.680868,79.290697,Camera Trap (Wildlife),,7.39,2024-04-16 14:27:49,34.3,Daylight
30,002544.jpg,PTR-CORE-SAL-02,Saleghat,core_forest,SAFE,21.591136,79.196928,Camera Trap (Wildlife),,5.87,2024-04-16 15:59:25,34.9,Daylight
160,003855.jpg,PTR-CORE-CHB-11,Chorbahuli,core_forest,SAFE,21.610414,79.239575,Camera Trap (Wildlife),,10.63,2024-04-16 19:38:21,35.4,Night (IR Flash)
96,000859.jpg,PTR-CORE-CHB-15,Chorbahuli,core_forest,SAFE,21.671774,79.276883,Camera Trap (Wildlife),,8.85,2024-04-16 21:05:06,27.0,Night (IR Flash)
268,000314.jpg,PTR-CORE-EP-01,East Pench,core_forest,SAFE,21.664052,79.291774,Camera Trap (Wildlife),,9.19,2024-04-16 21:32:33,23.0,Night (IR Flash)
268,005000.jpg,PTR-CORE-EP-06,East Pench,core_forest,SAFE,21.621506,79.32562,Camera Trap (Wildlife),,6.24,2024-04-17 01:09:40,27.9,Night (IR Flash)
114,001532.jpg,PTR-CORE-EP-04,East Pench,core_forest,SAFE,21.688762,79.296472,Camera Trap (Wildlife),,6.36,2024-04-17 04:06:25,24.5,Night (IR Flash)
33,002946.jpg,PTR-CORE-DEV-15,Devalapar,core_forest,SAFE,21.706545,79.228273,Camera Trap (Wildlife),,5.82,2024-04-17 04:28:17,26.1,Night (IR Flash)
132,000172.jpg,PTR-CORE-EP-13,East Pench,core_forest,SAFE,21.695489,79.313514,Camera Trap (Wildlife),,5.48,2024-04-17 04:47:20,25.9,Night (IR Flash)
88,004389.jpg,PTR-CORE-CHB-18,Chorbahuli,core_forest,SAFE,21.663516,79.227304,Camera Trap (Wildlife),,10.36,2024-04-17 05:59:00,25.8,Night (IR Flash)
45,003792.jpg,PTR-CORE-SAL-10,Saleghat,core_forest,SAFE,21.578392,79.191964,Camera Trap (Wildlife),,4.63,2024-04-17 06:09:14,27.8,Dawn / Dusk
96,000465.jpg,PTR-CORE-CHB-13,Chorbahuli,core_forest,SAFE,21.671752,79.270373,Camera Trap (Wildlife),,8.99,2024-04-17 13:31:01,35.5,Daylight
66,003139.jpg,PTR-CORE-EP-26,East Pench,core_forest,SAFE,21.637469,79.304713,Camera Trap (Wildlife),,8.73,2024-04-17 18:58:47,37.6,Dawn / Dusk
66,001587.jpg,PTR-CORE-EP-04,East Pench,core_forest,SAFE,21.689663,79.29559,Camera Trap (Wildlife),,6.36,2024-04-17 19:08:04,34.6,Night (IR Flash)
196,004165.jpg,PTR-CORE-DEV-20,Devalapar,core_forest,SAFE,21.688517,79.238383,Camera Trap (Wildlife),,7.41,2024-04-17 21:36:31,24.5,Night (IR Flash)
261,001290.jpg,PTR-CORE-CHB-08,Chorbahuli,core_forest,SAFE,21.652212,79.229101,Camera Trap (Wildlife),,11.48,2024-04-18 00:16:07,23.4,Night (IR Flash)
100,002027.jpg,PTR-CORE-DEV-23,Devalapar,core_forest,SAFE,21.685282,79.258134,Camera Trap (Wildlife),,7.37,2024-04-18 05:01:45,23.9,Night (IR Flash)
244,000468.jpg,PTR-CORE-WP-02,West Pench,core_forest,SAFE,21.668253,79.156088,Camera Trap (Wildlife),,5.38,2024-04-18 05:16:08,26.2,Dawn / Dusk
246,004353.jpg,PTR-CORE-SAL-08,Saleghat,core_forest,SAFE,21.58835,79.148122,Camera Trap (Wildlife),,3.73,2024-04-18 05:56:42,23.9,Night (IR Flash)
250,002499.jpg,PTR-CORE-CHB-04,Chorbahuli,core_forest,SAFE,21.671522,79.235687,Camera Trap (Wildlife),,9.3,2024-04-18 08:07:49,34.6,Daylight
3,004573.jpg,PTR-CORE-SAL-03,Saleghat,core_forest,SAFE,21.598565,79.148392,Camera Trap (Wildlife),,4.68,2024-04-18 15:39:34,37.0,Daylight
0,000584.jpg,PTR-VIL-SIL-02,Sillari Edge,village_edge,CRITICAL,21.614219,79.379526,PTZ / AI Camera,Sillari,0.64,2024-04-18 18:04:23,34.2,Dawn / Dusk
267,003580.jpg,PTR-CORE-EP-23,East Pench,core_forest,SAFE,21.607827,79.306193,Camera Trap (Wildlife),,7.73,2024-04-18 21:29:20,24.7,Night (IR Flash)
249,003158.jpg,PTR-BUF-N-11,North Buffer,buffer,CAUTION,21.757791,79.162073,CCTV / Solar Camera,,1.95,2024-04-18 22:29:03,25.4,Night (IR Flash)
264,004182.jpg,PTR-CORE-WP-03,West Pench,core_forest,SAFE,21.683994,79.181156,Camera Trap (Wildlife),,6.62,2024-04-18 23:42:25,26.9,Night (IR Flash)
255,004659.jpg,PTR-BUF-NAG-08,Nagalwadi Buffer,buffer,CAUTION,21.524612,79.315314,Camera Trap (Wildlife),,1.61,2024-04-19 00:01:11,23.1,Night (IR Flash)
126,002219.jpg,PTR-CORE-DEV-17,Devalapar,core_forest,SAFE,21.689778,79.217738,Camera Trap (Wildlife),,7.55,2024-04-19 00:13:20,24.2,Night (IR Flash)
160,003042.jpg,PTR-CORE-CHB-16,Chorbahuli,core_forest,SAFE,21.615969,79.24871,Camera Trap (Wildlife),,11.83,2024-04-19 01:03:41,25.5,Night (IR Flash)
109,002296.jpg,PTR-CORE-CHB-14,Chorbahuli,core_forest,SAFE,21.631504,79.223966,Camera Trap (Wildlife),,11.04,2024-04-19 03:09:55,24.2,Night (IR Flash)
211,003510.jpg,PTR-CORE-SAL-02,Saleghat,core_forest,SAFE,21.591114,79.196347,Camera Trap (Wildlife),,5.87,2024-04-19 05:36:53,23.8,Dawn / Dusk
238,001276.jpg,PTR-CORE-SAL-18,Saleghat,core_forest,SAFE,21.594847,79.19591,Camera Trap (Wildlife),,6.16,2024-04-19 07:38:29,39.7,Dawn / Dusk
153,000396.jpg,PTR-CORE-DEV-02,Devalapar,core_forest,SAFE,21.694477,79.23739,Camera Trap (Wildlife),,6.83,2024-04-19 08:38:20,35.9,Daylight
124,002105.jpg,PTR-CORE-DEV-01,Devalapar,core_forest,SAFE,21.694318,79.258625,Camera Trap (Wildlife),,6.39,2024-04-19 10:11:46,39.8,Daylight
64,001186.jpg,PTR-BUF-N-11,North Buffer,buffer,CAUTION,21.757157,79.162056,CCTV / Solar Camera,,1.95,2024-04-19 10:47:03,39.7,Daylight
100,003507.jpg,PTR-CORE-DEV-08,Devalapar,core_forest,SAFE,21.696104,79.271106,Camera Trap (Wildlife),,6.26,2024-04-19 11:04:39,34.6,Daylight
160,000342.jpg,PTR-CORE-CHB-14,Chorbahuli,core_forest,SAFE,21.631619,79.223899,Camera Trap (Wildlife),,11.04,2024-04-19 17:25:19,37.4,Dawn / Dusk
252,005131.jpg,PTR-BUF-PAO-27,Paoni Buffer,buffer,CAUTION,21.533584,79.178689,CCTV / Solar Camera,,1.68,2024-04-19 18:17:19,38.5,Dawn / Dusk
24,004715.jpg,PTR-CORE-EP-17,East Pench,core_forest,SAFE,21.653444,79.358365,Camera Trap (Wildlife),,3.82,2024-04-19 21:57:22,25.6,Night (IR Flash)
1,001225.jpg,PTR-CORE-CHB-10,Chorbahuli,core_forest,SAFE,21.664965,79.252186,Camera Trap (Wildlife),,9.75,2024-04-19 23:16:37,27.8,Night (IR Flash)
130,005006.jpg,PTR-CORE-DEV-13,Devalapar,core_forest,SAFE,21.715936,79.231141,Camera Trap (Wildlife),,4.92,2024-04-20 02:37:23,25.8,Night (IR Flash)
181,002034.jpg,PTR-CORE-EP-23,East Pench,core_forest,SAFE,21.607797,79.306115,Camera Trap (Wildlife),,7.73,2024-04-20 05:26:43,24.2,Night (IR Flash)
3,000222.jpg,PTR-CORE-SAL-07,Saleghat,core_forest,SAFE,21.5941,79.157747,Camera Trap (Wildlife),,4.34,2024-04-20 06:18:40,27.8,Dawn / Dusk
85,002921.jpg,PTR-CORE-EP-28,East Pench,core_forest,SAFE,21.664664,79.332547,Camera Trap (Wildlife),,6.35,2024-04-20 19:51:08,39.4,Night (IR Flash)
271,003932.jpg,PTR-CORE-DEV-04,Devalapar,core_forest,SAFE,21.715308,79.256384,Camera Trap (Wildlife),,4.06,2024-04-20 20:22:50,27.5,Night (IR Flash)
39,001012.jpg,PTR-CORE-CHB-09,Chorbahuli,core_forest,SAFE,21.663523,79.252779,Camera Trap (Wildlife),,9.87,2024-04-20 23:05:04,27.9,Night (IR Flash)
244,003088.jpg,PTR-CORE-WP-13,West Pench,core_forest,SAFE,21.666596,79.169777,Camera Trap (Wildlife),,6.87,2024-04-21 00:00:40,27.4,Night (IR Flash)
195,002042.jpg,PTR-CORE-SAL-04,Saleghat,core_forest,SAFE,21.630241,79.195503,Camera Trap (Wildlife),,9.29,2024-04-21 01:02:00,27.9,Night (IR Flash)
268,002989.jpg,PTR-CORE-EP-28,East Pench,core_forest,SAFE,21.66522,79.332637,Camera Trap (Wildlife),,6.35,2024-04-21 01:11:36,23.4,Night (IR Flash)
64,001501.jpg,PTR-CORE-DEV-17,Devalapar,core_forest,SAFE,21.690171,79.217903,Camera Trap (Wildlife),,7.55,2024-04-21 01:17:01,25.2,Night (IR Flash)
132,001832.jpg,PTR-CORE-EP-19,East Pench,core_forest,SAFE,21.683399,79.333707,Camera Trap (Wildlife),,5.49,2024-04-21 03:43:11,26.5,Night (IR Flash)
0,000841.jpg,PTR-CORE-EP-10,East Pench,core_forest,SAFE,21.6808,79.289973,Camera Trap (Wildlife),,7.39,2024-04-21 19:34:17,35.1,Night (IR Flash)
117,004100.jpg,PTR-CORE-CHB-23,Chorbahuli,core_forest,SAFE,21.624494,79.238245,Camera Trap (Wildlife),,11.54,2024-04-21 20:24:25,27.5,Night (IR Flash)
124,004740.jpg,PTR-CORE-DEV-06,Devalapar,core_forest,SAFE,21.697748,79.216568,Camera Trap (Wildlife),,6.71,2024-04-22 00:39:56,26.1,Night (IR Flash)
153,002260.jpg,PTR-BUF-W-05,West Buffer,buffer,CAUTION,21.628963,79.125464,Camera Trap (Wildlife),,3.03,2024-04-22 00:52:44,26.2,Night (IR Flash)
211,004209.jpg,PTR-CORE-SAL-06,Saleghat,core_forest,SAFE,21.619211,79.154786,Camera Trap (Wildlife),,5.87,2024-04-22 19:23:52,36.2,Night (IR Flash)
261,001369.jpg,PTR-CORE-EP-04,East Pench,core_forest,SAFE,21.689153,79.296092,Camera Trap (Wildlife),,6.36,2024-04-23 02:53:53,27.8,Night (IR Flash)
43,004158.jpg,PTR-BUF-W-04,West Buffer,buffer,CAUTION,21.62799,79.138317,CCTV / Solar Camera,,4.27,2024-04-23 04:54:17,24.1,Night (IR Flash)
249,000339.jpg,PTR-CORE-SAL-04,Saleghat,core_forest,SAFE,21.62949,79.195531,Camera Trap (Wildlife),,9.29,2024-04-23 04:55:25,26.6,Night (IR Flash)
124,003936.jpg,PTR-CORE-DEV-17,Devalapar,core_forest,SAFE,21.6902,79.217888,Camera Trap (Wildlife),,7.55,2024-04-23 05:03:47,24.0,Night (IR Flash)
25,004141.jpg,PTR-CORE-EP-14,East Pench,core_forest,SAFE,21.609175,79.296996,Camera Trap (Wildlife),,8.69,2024-04-23 07:48:48,38.7,Dawn / Dusk
202,001139.jpg,PTR-CORE-WP-14,West Pench,core_forest,SAFE,21.689857,79.173072,Camera Trap (Wildlife),,5.74,2024-04-23 13:36:11,39.3,Daylight
223,004496.jpg,PTR-CORE-CHB-22,Chorbahuli,core_forest,SAFE,21.648001,79.264256,Camera Trap (Wildlife),,11.58,2024-04-23 14:01:21,35.4,Daylight
67,004021.jpg,PTR-CORE-WP-03,West Pench,core_forest,SAFE,21.684149,79.180827,Camera Trap (Wildlife),,6.62,2024-04-23 19:21:32,39.5,Night (IR Flash)
54,001536.jpg,PTR-BUF-NAG-17,Nagalwadi Buffer,buffer,CAUTION,21.507742,79.284536,Camera Trap (Wildlife),,0.98,2024-04-23 21:41:25,25.1,Night (IR Flash)
273,002128.jpg,PTR-CORE-CHB-15,Chorbahuli,core_forest,SAFE,21.671856,79.276892,Camera Trap (Wildlife),,8.85,2024-04-23 22:07:14,27.4,Night (IR Flash)
256,004707.jpg,PTR-CORE-CHB-15,Chorbahuli,core_forest,SAFE,21.671113,79.276945,Camera Trap (Wildlife),,8.85,2024-04-23 22:39:38,27.6,Night (IR Flash)
30,001813.jpg,PTR-CORE-SAL-07,Saleghat,core_forest,SAFE,21.59433,79.158278,Camera Trap (Wildlife),,4.34,2024-04-24 01:07:56,27.5,Night (IR Flash)
153,001223.jpg,PTR-CORE-CHB-05,Chorbahuli,core_forest,SAFE,21.645407,79.231074,Camera Trap (Wildlife),,12.25,2024-04-24 01:41:22,27.1,Night (IR Flash)
160,002453.jpg,PTR-CORE-CHB-14,Chorbahuli,core_forest,SAFE,21.631908,79.223767,Camera Trap (Wildlife),,11.04,2024-04-24 02:57:18,26.9,Night (IR Flash)
1,003807.jpg,PTR-CORE-CHB-22,Chorbahuli,core_forest,SAFE,21.647642,79.263514,Camera Trap (Wildlife),,11.58,2024-04-24 05:30:27,23.6,Dawn / Dusk
136,003167.jpg,PTR-CORE-DEV-15,Devalapar,core_forest,SAFE,21.707061,79.228323,Camera Trap (Wildlife),,5.82,2024-04-24 06:06:45,27.6,Dawn / Dusk
6,001311.jpg,PTR-CORE-SAL-01,Saleghat,core_forest,SAFE,21.577875,79.19994,Camera Trap (Wildlife),,5.3,2024-04-24 07:15:44,39.6,Dawn / Dusk
129,003211.jpg,PTR-CORE-WP-08,West Pench,core_forest,SAFE,21.6765,79.186766,Camera Trap (Wildlife),,7.55,2024-04-24 07:28:40,39.3,Dawn / Dusk
124,004932.jpg,PTR-CORE-DEV-12,Devalapar,core_forest,SAFE,21.69908,79.22969,Camera Trap (Wildlife),,6.6,2024-04-24 08:42:28,37.2,Daylight
100,003052.jpg,PTR-CORE-EP-21,East Pench,core_forest,SAFE,21.670565,79.293569,Camera Trap (Wildlife),,8.45,2024-04-24 09:30:19,36.3,Daylight
30,004988.jpg,PTR-CORE-SAL-14,Saleghat,core_forest,SAFE,21.570561,79.162706,Camera Trap (Wildlife),,1.93,2024-04-24 13:32:34,37.2,Daylight
55,003429.jpg,PTR-CORE-EP-10,East Pench,core_forest,SAFE,21.680814,79.290654,Camera Trap (Wildlife),,7.39,2024-04-24 16:33:54,35.1,Daylight
264,005047.jpg,PTR-CORE-WP-08,West Pench,core_forest,SAFE,21.676919,79.186415,Camera Trap (Wildlife),,7.55,2024-04-24 19:24:02,39.8,Night (IR Flash)
255,000873.jpg,PTR-CORE-EP-14,East Pench,core_forest,SAFE,21.608785,79.296608,Camera Trap (Wildlife),,8.69,2024-04-24 19:57:42,37.4,Night (IR Flash)
238,003611.jpg,PTR-CORE-EP-25,East Pench,core_forest,SAFE,21.663293,79.315994,Camera Trap (Wildlife),,7.96,2024-04-24 20:31:10,23.0,Night (IR Flash)
13,000551.jpg,PTR-CORE-CHB-01,Chorbahuli,core_forest,SAFE,21.628556,79.258129,Camera Trap (Wildlife),,13.16,2024-04-24 20:53:57,27.2,Night (IR Flash)
250,001343.jpg,PTR-CORE-DEV-02,Devalapar,core_forest,SAFE,21.694003,79.237567,Camera Trap (Wildlife),,6.83,2024-04-24 21:57:28,27.1,Night (IR Flash)
216,002059.jpg,PTR-CORE-CHB-09,Chorbahuli,core_forest,SAFE,21.66387,79.252015,Camera Trap (Wildlife),,9.87,2024-04-24 23:29:28,23.6,Night (IR Flash)
265,001373.jpg,PTR-CORE-EP-16,East Pench,core_forest,SAFE,21.680535,79.340814,Camera Trap (Wildlife),,4.79,2024-04-25 00:13:29,25.2,Night (IR Flash)
211,004236.jpg,PTR-CORE-SAL-16,Saleghat,core_forest,SAFE,21.597786,79.189834,Camera Trap (Wildlife),,5.97,2024-04-25 00:43:04,27.2,Night (IR Flash)
240,000320.jpg,PTR-CORE-CHB-12,Chorbahuli,core_forest,SAFE,21.611212,79.275776,Camera Trap (Wildlife),,10.62,2024-04-25 01:40:37,26.8,Night (IR Flash)
160,002257.jpg,PTR-CORE-CHB-11,Chorbahuli,core_forest,SAFE,21.609893,79.239747,Camera Trap (Wildlife),,10.63,2024-04-25 04:25:36,26.8,Night (IR Flash)
160,001485.jpg,PTR-CORE-SAL-05,Saleghat,core_forest,SAFE,21.627895,79.200242,Camera Trap (Wildlife),,9.35,2024-04-25 04:53:45,26.6,Night (IR Flash)
249,001621.jpg,PTR-CORE-SAL-06,Saleghat,core_forest,SAFE,21.619091,79.155415,Camera Trap (Wildlife),,5.87,2024-04-25 05:33:58,25.0,Night (IR Flash)
255,003445.jpg,PTR-CORE-EP-20,East Pench,core_forest,SAFE,21.686573,79.330284,Camera Trap (Wildlife),,5.71,2024-04-25 06:10:05,27.0,Dawn / Dusk
153,000566.jpg,PTR-BUF-PAO-24,Paoni Buffer,buffer,CAUTION,21.540631,79.209434,Camera Trap (Wildlife),,2.97,2024-04-25 11:27:28,39.4,Daylight
177,005136.jpg,PTR-CORE-WP-15,West Pench,core_forest,SAFE,21.711121,79.186695,Camera Trap (Wildlife),,4.26,2024-04-25 15:15:17,39.9,Daylight
145,002125.jpg,PTR-CORE-DEV-04,Devalapar,core_forest,SAFE,21.716125,79.256158,Camera Trap (Wildlife),,4.06,2024-04-25 18:52:03,37.0,Dawn / Dusk
175,001259.jpg,PTR-CORE-EP-16,East Pench,core_forest,SAFE,21.681154,79.340892,Camera Trap (Wildlife),,4.79,2024-04-25 21:40:47,23.8,Night (IR Flash)
226,002507.jpg,PTR-CORE-EP-12,East Pench,core_forest,SAFE,21.634475,79.300636,Camera Trap (Wildlife),,9.0,2024-04-25 22:17:58,26.5,Night (IR Flash)
148,000272.jpg,PTR-CORE-EP-07,East Pench,core_forest,SAFE,21.602555,79.304131,Camera Trap (Wildlife),,7.71,2024-04-25 23:31:21,24.0,Night (IR Flash)
223,003421.jpg,PTR-CORE-DEV-04,Devalapar,core_forest,SAFE,21.715985,79.255816,Camera Trap (Wildlife),,4.06,2024-04-25 23:43:40,27.7,Night (IR Flash)
51,004080.jpg,PTR-CORE-DEV-02,Devalapar,core_forest,SAFE,21.69413,79.237808,Camera Trap (Wildlife),,6.83,2024-04-26 04:26:37,23.7,Night (IR Flash)
25,000090.jpg,PTR-CORE-EP-26,East Pench,core_forest,SAFE,21.637131,79.304555,Camera Trap (Wildlife),,8.73,2024-04-26 07:25:08,38.6,Dawn / Dusk
54,001659.jpg,PTR-CORE-WP-11,West Pench,core_forest,SAFE,21.693237,79.194698,Camera Trap (Wildlife),,6.33,2024-04-26 09:49:29,39.2,Daylight
22,000161.jpg,PTR-CORE-EP-20,East Pench,core_forest,SAFE,21.686351,79.33055,Camera Trap (Wildlife),,5.71,2024-04-26 16:10:23,35.0,Daylight
91,000024.jpg,PTR-CORE-SAL-13,Saleghat,core_forest,SAFE,21.599399,79.188301,Camera Trap (Wildlife),,5.95,2024-04-26 22:04:40,24.3,Night (IR Flash)
142,001242.jpg,PTR-CORE-WP-04,West Pench,core_forest,SAFE,21.676583,79.155734,Camera Trap (Wildlife),,5.21,2024-04-26 23:38:18,27.1,Night (IR Flash)
54,004196.jpg,PTR-CORE-DEV-03,Devalapar,core_forest,SAFE,21.739524,79.253767,Camera Trap (Wildlife),,1.55,2024-04-27 01:18:44,25.8,Night (IR Flash)
97,003842.jpg,PTR-CORE-WP-11,West Pench,core_forest,SAFE,21.693048,79.194773,Camera Trap (Wildlife),,6.33,2024-04-27 01:55:48,25.3,Night (IR Flash)
153,004348.jpg,PTR-VIL-KAR-01,Karegaon Edge,village_edge,CRITICAL,21.760887,79.275661,PTZ / AI Camera,Karegaon,0.47,2024-04-27 02:35:03,25.0,Night (IR Flash)
244,000360.jpg,PTR-CORE-WP-09,West Pench,core_forest,SAFE,21.675083,79.14946,Camera Trap (Wildlife),,4.59,2024-04-27 03:41:46,27.8,Night (IR Flash)
136,002808.jpg,PTR-CORE-CHB-03,Chorbahuli,core_forest,SAFE,21.641419,79.277487,Camera Trap (Wildlife),,11.58,2024-04-27 04:14:08,25.7,Night (IR Flash)
228,002420.jpg,PTR-CORE-SAL-07,Saleghat,core_forest,SAFE,21.593582,79.158096,Camera Trap (Wildlife),,4.34,2024-04-27 05:42:15,23.1,Night (IR Flash)
132,002845.jpg,PTR-CORE-EP-25,East Pench,core_forest,SAFE,21.663706,79.315153,Camera Trap (Wildlife),,7.96,2024-04-27 06:42:44,26.9,Dawn / Dusk
243,000236.jpg,PTR-CORE-CHB-16,Chorbahuli,core_forest,SAFE,21.61581,79.249064,Camera Trap (Wildlife),,11.83,2024-04-27 06:50:25,27.0,Dawn / Dusk
45,002732.jpg,PTR-CORE-EP-22,East Pench,core_forest,SAFE,21.622367,79.310684,Camera Trap (Wildlife),,7.79,2024-04-27 06:54:08,26.6,Dawn / Dusk
160,001306.jpg,PTR-CORE-SAL-12,Saleghat,core_forest,SAFE,21.627139,79.205135,Camera Trap (Wildlife),,9.49,2024-04-27 12:04:04,37.3,Daylight
243,001670.jpg,PTR-CORE-CHB-20,Chorbahuli,core_forest,SAFE,21.629004,79.2728,Camera Trap (Wildlife),,11.75,2024-04-27 19:02:14,38.6,Night (IR Flash)
246,002638.jpg,PTR-CORE-SAL-03,Saleghat,core_forest,SAFE,21.598404,79.148026,Camera Trap (Wildlife),,4.68,2024-04-27 19:24:36,36.1,Night (IR Flash)
246,002849.jpg,PTR-CORE-SAL-15,Saleghat,core_forest,SAFE,21.627519,79.179834,Camera Trap (Wildlife),,8.46,2024-04-27 20:02:12,25.1,Night (IR Flash)
216,000690.jpg,PTR-CORE-DEV-17,Devalapar,core_forest,SAFE,21.689647,79.217975,Camera Trap (Wildlife),,7.55,2024-04-27 20:21:13,25.8,Night (IR Flash)
216,004984.jpg,PTR-CORE-CHB-18,Chorbahuli,core_forest,SAFE,21.663221,79.227869,Camera Trap (Wildlife),,10.36,2024-04-28 00:03:32,24.1,Night (IR Flash)
237,003698.jpg,PTR-CORE-CHB-09,Chorbahuli,core_forest,SAFE,21.663273,79.252015,Camera Trap (Wildlife),,9.87,2024-04-28 00:32:57,23.9,Night (IR Flash)
42,003947.jpg,PTR-CORE-CHB-08,Chorbahuli,core_forest,SAFE,21.652549,79.229005,Camera Trap (Wildlife),,11.48,2024-04-28 00:55:57,28.0,Night (IR Flash)
198,003375.jpg,PTR-CORE-CHB-19,Chorbahuli,core_forest,SAFE,21.64358,79.253189,Camera Trap (Wildlife),,12.09,2024-04-28 01:12:30,24.5,Night (IR Flash)
253,003388.jpg,PTR-CORE-SAL-11,Saleghat,core_forest,SAFE,21.591634,79.170015,Camera Trap (Wildlife),,4.39,2024-04-28 01:48:34,24.8,Night (IR Flash)
100,000924.jpg,PTR-CORE-EP-05,East Pench,core_forest,SAFE,21.642115,79.292173,Camera Trap (Wildlife),,10.14,2024-04-28 01:48:34,24.2,Night (IR Flash)
256,002456.jpg,PTR-CORE-WP-07,West Pench,core_forest,SAFE,21.720454,79.144607,Camera Trap (Wildlife),,1.89,2024-04-28 02:15:57,26.0,Night (IR Flash)
54,002772.jpg,PTR-CORE-DEV-07,Devalapar,core_forest,SAFE,21.702842,79.230726,Camera Trap (Wildlife),,6.27,2024-04-28 06:11:54,26.4,Dawn / Dusk
153,002320.jpg,PTR-CORE-CHB-18,Chorbahuli,core_forest,SAFE,21.663169,79.22763,Camera Trap (Wildlife),,10.36,2024-04-28 06:14:21,25.9,Dawn / Dusk
247,003394.jpg,PTR-CORE-SAL-04,Saleghat,core_forest,SAFE,21.629972,79.195221,Camera Trap (Wildlife),,9.29,2024-04-28 07:29:54,39.8,Dawn / Dusk
42,003038.jpg,PTR-CORE-CHB-09,Chorbahuli,core_forest,SAFE,21.663492,79.252767,Camera Trap (Wildlife),,9.87,2024-04-28 21:07:28,27.4,Night (IR Flash)
55,001771.jpg,PTR-CORE-EP-13,East Pench,core_forest,SAFE,21.696097,79.313397,Camera Trap (Wildlife),,5.48,2024-04-28 21:16:26,27.5,Night (IR Flash)
106,003072.jpg,PTR-CORE-DEV-09,Devalapar,core_forest,SAFE,21.732701,79.234299,Camera Trap (Wildlife),,2.98,2024-04-29 04:24:41,24.2,Night (IR Flash)
202,001680.jpg,PTR-CORE-DEV-06,Devalapar,core_forest,SAFE,21.697471,79.216748,Camera Trap (Wildlife),,6.71,2024-04-29 05:45:16,26.5,Night (IR Flash)
108,001852.jpg,PTR-VIL-PAO-02,Paoni Edge,village_edge,CRITICAL,21.518461,79.225802,PTZ / AI Camera,Paoni,0.57,2024-04-29 05:53:13,25.5,Night (IR Flash)
154,003307.jpg,PTR-CORE-WP-03,West Pench,core_forest,SAFE,21.683476,79.181379,Camera Trap (Wildlife),,6.62,2024-04-29 06:25:13,24.7,Dawn / Dusk
148,000800.jpg,PTR-CORE-EP-21,East Pench,core_forest,SAFE,21.67022,79.293573,Camera Trap (Wildlife),,8.45,2024-04-29 09:28:56,36.6,Daylight
196,004615.jpg,PTR-CORE-SAL-12,Saleghat,core_forest,SAFE,21.626636,79.204461,Camera Trap (Wildlife),,9.49,2024-04-29 11:01:39,38.6,Daylight
243,002078.jpg,PTR-CORE-EP-27,East Pench,core_forest,SAFE,21.626371,79.355326,Camera Trap (Wildlife),,3.44,2024-04-29 21:24:03,27.2,Night (IR Flash)
25,001433.jpg,PTR-CORE-CHB-13,Chorbahuli,core_forest,SAFE,21.671766,79.270359,Camera Trap (Wildlife),,8.99,2024-04-30 00:51:28,23.5,Night (IR Flash)
55,004162.jpg,PTR-CORE-EP-10,East Pench,core_forest,SAFE,21.681059,79.290863,Camera Trap (Wildlife),,7.39,2024-04-30 08:15:03,34.7,Daylight
66,002528.jpg,PTR-CORE-EP-26,East Pench,core_forest,SAFE,21.636558,79.304812,Camera Trap (Wildlife),,8.73,2024-04-30 14:52:25,38.3,Daylight
69,003721.jpg,PTR-CORE-EP-10,East Pench,core_forest,SAFE,21.680674,79.290706,Camera Trap (Wildlife),,7.39,2024-04-30 19:23:41,34.2,Dawn / Dusk
243,000599.jpg,PTR-CORE-EP-15,East Pench,core_forest,SAFE,21.684745,79.33233,Camera Trap (Wildlife),,5.55,2024-04-30 19:26:50,34.7,Dawn / Dusk
265,003940.jpg,PTR-CORE-EP-19,East Pench,core_forest,SAFE,21.683418,79.332921,Camera Trap (Wildlife),,5.49,2024-04-30 21:17:05,25.4,Night (IR Flash)
6,002389.jpg,PTR-CORE-SAL-06,Saleghat,core_forest,SAFE,21.619781,79.154914,Camera Trap (Wildlife),,5.87,2024-04-30 22:32:52,24.9,Night (IR Flash)
267,000167.jpg,PTR-CORE-EP-02,East Pench,core_forest,SAFE,21.627852,79.305665,Camera Trap (Wildlife),,8.35,2024-05-01 12:01:43,39.1,Daylight
265,004967.jpg,PTR-CORE-EP-20,East Pench,core_forest,SAFE,21.686205,79.330694,Camera Trap (Wildlife),,5.71,2024-05-01 20:17:52,24.1,Night (IR Flash)
30,003464.jpg,PTR-CORE-SAL-06,Saleghat,core_forest,SAFE,21.619566,79.154629,Camera Trap (Wildlife),,5.87,2024-05-01 22:24:53,25.1,Night (IR Flash)
268,002180.jpg,PTR-CORE-EP-21,East Pench,core_forest,SAFE,21.670008,79.293656,Camera Trap (Wildlife),,8.45,2024-05-01 22:29:08,25.9,Night (IR Flash)
178,002524.jpg,PTR-CORE-SAL-09,Saleghat,core_forest,SAFE,21.586424,79.204574,Camera Trap (Wildlife),,6.15,2024-05-01 23:40:42,25.2,Night (IR Flash)
172,004420.jpg,PTR-CORE-SAL-16,Saleghat,core_forest,SAFE,21.59757,79.190128,Camera Trap (Wildlife),,5.97,2024-05-02 00:17:57,23.9,Night (IR Flash)
67,004690.jpg,PTR-CORE-WP-17,West Pench,core_forest,SAFE,21.687735,79.163256,Camera Trap (Wildlife),,5.57,2024-05-02 05:24:44,26.5,Dawn / Dusk
153,004016.jpg,PTR-CORE-DEV-04,Devalapar,core_forest,SAFE,21.715765,79.25604,Camera Trap (Wildlife),,4.06,2024-05-02 06:59:49,24.8,Dawn / Dusk
154,001718.jpg,PTR-CORE-DEV-17,Devalapar,core_forest,SAFE,21.689808,79.217428,Camera Trap (Wildlife),,7.55,2024-05-02 10:12:49,34.9,Daylight
160,002475.jpg,PTR-CORE-CHB-05,Chorbahuli,core_forest,SAFE,21.645185,79.230235,Camera Trap (Wildlife),,12.25,2024-05-02 19:35:08,35.6,Night (IR Flash)
217,003283.jpg,PTR-CORE-CHB-14,Chorbahuli,core_forest,SAFE,21.631608,79.223261,Camera Trap (Wildlife),,11.04,2024-05-02 19:46:32,35.6,Night (IR Flash)
142,000473.jpg,PTR-CORE-WP-05,West Pench,core_forest,SAFE,21.665412,79.184219,Camera Trap (Wildlife),,8.32,2024-05-02 20:08:26,27.6,Night (IR Flash)
160,001193.jpg,PTR-CORE-CHB-16,Chorbahuli,core_forest,SAFE,21.615619,79.248894,Camera Trap (Wildlife),,11.83,2024-05-02 22:27:21,26.1,Night (IR Flash)
28,000699.jpg,PTR-CORE-CHB-14,Chorbahuli,core_forest,SAFE,21.631451,79.223123,Camera Trap (Wildlife),,11.04,2024-05-02 23:54:10,24.8,Night (IR Flash)
160,001560.jpg,PTR-CORE-SAL-05,Saleghat,core_forest,SAFE,21.627568,79.200264,Camera Trap (Wildlife),,9.35,2024-05-03 00:41:09,27.8,Night (IR Flash)
153,001155.jpg,PTR-CORE-DEV-23,Devalapar,core_forest,SAFE,21.685317,79.258126,Camera Trap (Wildlife),,7.37,2024-05-03 01:20:39,25.5,Night (IR Flash)
69,000787.jpg,PTR-CORE-EP-20,East Pench,core_forest,SAFE,21.68633,79.330128,Camera Trap (Wildlife),,5.71,2024-05-03 04:22:52,23.5,Night (IR Flash)
265,002044.jpg,PTR-CORE-EP-16,East Pench,core_forest,SAFE,21.681069,79.341365,Camera Trap (Wildlife),,4.79,2024-05-03 05:11:36,24.4,Night (IR Flash)
160,003225.jpg,PTR-CORE-SAL-04,Saleghat,core_forest,SAFE,21.629649,79.195064,Camera Trap (Wildlife),,9.29,2024-05-03 07:44:51,35.6,Dawn / Dusk
249,002127.jpg,PTR-CORE-SAL-06,Saleghat,core_forest,SAFE,21.619315,79.154999,Camera Trap (Wildlife),,5.87,2024-05-03 08:47:02,38.1,Daylight
160,005048.jpg,PTR-CORE-CHB-23,Chorbahuli,core_forest,SAFE,21.623977,79.23853,Camera Trap (Wildlife),,11.54,2024-05-03 19:40:27,37.9,Night (IR Flash)
252,005123.jpg,PTR-CORE-CHB-23,Chorbahuli,core_forest,SAFE,21.624311,79.239161,Camera Trap (Wildlife),,11.54,2024-05-03 23:42:56,25.3,Night (IR Flash)
201,003704.jpg,PTR-CORE-CHB-22,Chorbahuli,core_forest,SAFE,21.647495,79.264239,Camera Trap (Wildlife),,11.58,2024-05-04 03:18:59,26.4,Night (IR Flash)
228,001821.jpg,PTR-CORE-SAL-17,Saleghat,core_forest,SAFE,21.563581,79.180478,Camera Trap (Wildlife),,2.77,2024-05-04 05:24:32,23.1,Dawn / Dusk
249,005125.jpg,PTR-BUF-W-12,West Buffer,buffer,CAUTION,21.637217,79.135834,CCTV / Solar Camera,,4.32,2024-05-04 05:27:04,25.5,Dawn / Dusk
240,000550.jpg,PTR-CORE-CHB-11,Chorbahuli,core_forest,SAFE,21.60974,79.239082,Camera Trap (Wildlife),,10.63,2024-05-04 10:30:59,38.3,Daylight
55,000811.jpg,PTR-CORE-EP-01,East Pench,core_forest,SAFE,21.664201,79.291317,Camera Trap (Wildlife),,9.19,2024-05-04 17:29:08,34.0,Dawn / Dusk
237,001392.jpg,PTR-CORE-EP-04,East Pench,core_forest,SAFE,21.689125,79.296327,Camera Trap (Wildlife),,6.36,2024-05-04 21:44:43,27.5,Night (IR Flash)
55,001378.jpg,PTR-CORE-CHB-19,Chorbahuli,core_forest,SAFE,21.642898,79.252906,Camera Trap (Wildlife),,12.09,2024-05-04 22:34:46,27.2,Night (IR Flash)
0,003997.jpg,PTR-CORE-DEV-23,Devalapar,core_forest,SAFE,21.685901,79.258455,Camera Trap (Wildlife),,7.37,2024-05-05 02:24:49,27.0,Night (IR Flash)
6,004361.jpg,PTR-CORE-CHB-17,Chorbahuli,core_forest,SAFE,21.615036,79.265643,Camera Trap (Wildlife),,11.52,2024-05-05 03:27:46,25.0,Night (IR Flash)
145,001488.jpg,PTR-CORE-EP-10,East Pench,core_forest,SAFE,21.681116,79.290123,Camera Trap (Wildlife),,7.39,2024-05-05 05:29:36,27.8,Night (IR Flash)
126,004113.jpg,PTR-COR-NH44-01,NH-44 Corridor,buffer,CAUTION,21.623375,79.263699,Camera Trap (Wildlife),,12.4,2024-05-05 07:02:09,39.1,Dawn / Dusk
57,002419.jpg,PTR-CORE-CHB-13,Chorbahuli,core_forest,SAFE,21.671879,79.269508,Camera Trap (Wildlife),,8.99,2024-05-05 17:06:09,37.6,Dawn / Dusk
153,003844.jpg,PTR-CORE-CHB-24,Chorbahuli,core_forest,SAFE,21.679888,79.258625,Camera Trap (Wildlife),,8.03,2024-05-05 19:30:50,38.2,Dawn / Dusk
201,003430.jpg,PTR-CORE-CHB-06,Chorbahuli,core_forest,SAFE,21.674095,79.272186,Camera Trap (Wildlife),,8.76,2024-05-05 21:51:06,27.5,Night (IR Flash)
249,003543.jpg,PTR-CORE-WP-02,West Pench,core_forest,SAFE,21.668067,79.155552,Camera Trap (Wildlife),,5.38,2024-05-05 22:44:54,25.3,Night (IR Flash)
28,000049.jpg,PTR-CORE-EP-17,East Pench,core_forest,SAFE,21.653475,79.358584,Camera Trap (Wildlife),,3.82,2024-05-05 23:22:52,24.6,Night (IR Flash)
55,000834.jpg,PTR-CORE-EP-02,East Pench,core_forest,SAFE,21.627719,79.305137,Camera Trap (Wildlife),,8.35,2024-05-06 01:05:43,24.2,Night (IR Flash)
175,002067.jpg,PTR-CORE-EP-05,East Pench,core_forest,SAFE,21.642006,79.291933,Camera Trap (Wildlife),,10.14,2024-05-06 03:17:36,23.6,Night (IR Flash)
154,001511.jpg,PTR-CORE-CHB-21,Chorbahuli,core_forest,SAFE,21.639987,79.232756,Camera Trap (Wildlife),,12.34,2024-05-06 03:53:05,23.3,Night (IR Flash)
237,000502.jpg,PTR-CORE-CHB-23,Chorbahuli,core_forest,SAFE,21.623665,79.239099,Camera Trap (Wildlife),,11.54,2024-05-06 04:58:52,23.3,Night (IR Flash)
259,002801.jpg,PTR-CORE-CHB-11,Chorbahuli,core_forest,SAFE,21.609806,79.238957,Camera Trap (Wildlife),,10.63,2024-05-06 05:05:41,24.8,Night (IR Flash)
243,000179.jpg,PTR-VIL-PAO-02,Paoni Edge,village_edge,CRITICAL,21.517979,79.225499,PTZ / AI Camera,Paoni,0.57,2024-05-06 07:51:05,38.5,Dawn / Dusk
142,000460.jpg,PTR-CORE-WP-13,West Pench,core_forest,SAFE,21.667256,79.169979,Camera Trap (Wildlife),,6.87,2024-05-06 12:19:24,38.4,Daylight
228,002251.jpg,PTR-CORE-WP-02,West Pench,core_forest,SAFE,21.668097,79.155243,Camera Trap (Wildlife),,5.38,2024-05-06 20:27:44,27.6,Night (IR Flash)
243,001459.jpg,PTR-CORE-EP-06,East Pench,core_forest,SAFE,21.621562,79.325057,Camera Trap (Wildlife),,6.24,2024-05-06 21:23:11,24.5,Night (IR Flash)
259,002650.jpg,PTR-CORE-WP-04,West Pench,core_forest,SAFE,21.67592,79.155239,Camera Trap (Wildlife),,5.21,2024-05-07 01:12:53,25.0,Night (IR Flash)
243,000604.jpg,PTR-CORE-CHB-23,Chorbahuli,core_forest,SAFE,21.624156,79.238484,Camera Trap (Wildlife),,11.54,2024-05-07 01:56:54,25.6,Night (IR Flash)
160,003147.jpg,PTR-CORE-SAL-13,Saleghat,core_forest,SAFE,21.598771,79.188155,Camera Trap (Wildlife),,5.95,2024-05-07 06:28:45,26.5,Dawn / Dusk
154,004046.jpg,PTR-CORE-WP-06,West Pench,core_forest,SAFE,21.676509,79.20333,Camera Trap (Wildlife),,8.39,2024-05-07 17:43:39,38.4,Dawn / Dusk
265,002550.jpg,PTR-CORE-EP-28,East Pench,core_forest,SAFE,21.664692,79.332563,Camera Trap (Wildlife),,6.35,2024-05-07 19:37:34,35.1,Night (IR Flash)
196,001453.jpg,PTR-CORE-WP-05,West Pench,core_forest,SAFE,21.665349,79.184322,Camera Trap (Wildlife),,8.32,2024-05-07 20:08:12,25.0,Night (IR Flash)
24,004703.jpg,PTR-CORE-EP-18,East Pench,core_forest,SAFE,21.638291,79.328879,Camera Trap (Wildlife),,6.48,2024-05-07 20:33:30,26.4,Night (IR Flash)
253,004068.jpg,PTR-CORE-CHB-11,Chorbahuli,core_forest,SAFE,21.609782,79.239922,Camera Trap (Wildlife),,10.63,2024-05-08 00:10:36,23.0,Night (IR Flash)
220,000373.jpg,PTR-CORE-EP-28,East Pench,core_forest,SAFE,21.664782,79.332544,Camera Trap (Wildlife),,6.35,2024-05-08 00:44:27,24.4,Night (IR Flash)
30,001601.jpg,PTR-CORE-SAL-03,Saleghat,core_forest,SAFE,21.598802,79.147897,Camera Trap (Wildlife),,4.68,2024-05-08 01:30:08,24.7,Night (IR Flash)
249,002243.jpg,PTR-CORE-WP-09,West Pench,core_forest,SAFE,21.674733,79.14957,Camera Trap (Wildlife),,4.59,2024-05-08 03:30:27,23.5,Night (IR Flash)
153,003219.jpg,PTR-CORE-DEV-21,Devalapar,core_forest,SAFE,21.739961,79.246348,Camera Trap (Wildlife),,1.92,2024-05-08 05:35:44,26.4,Night (IR Flash)
246,004582.jpg,PTR-CORE-SAL-06,Saleghat,core_forest,SAFE,21.619102,79.155301,Camera Trap (Wildlife),,5.87,2024-05-08 05:36:01,24.7,Night (IR Flash)
160,001099.jpg,PTR-CORE-WP-14,West Pench,core_forest,SAFE,21.689385,79.172972,Camera Trap (Wildlife),,5.74,2024-05-08 10:05:25,38.4,Daylight
90,001769.jpg,PTR-CORE-DEV-06,Devalapar,core_forest,SAFE,21.69795,79.216727,Camera Trap (Wildlife),,6.71,2024-05-08 10:14:57,38.1,Daylight
208,003246.jpg,PTR-CORE-WP-11,West Pench,core_forest,SAFE,21.693175,79.195388,Camera Trap (Wildlife),,6.33,2024-05-08 12:34:40,36.0,Daylight
265,000995.jpg,PTR-CORE-EP-19,East Pench,core_forest,SAFE,21.682751,79.333617,Camera Trap (Wildlife),,5.49,2024-05-08 17:09:40,35.4,Dawn / Dusk
177,000661.jpg,PTR-CORE-WP-04,West Pench,core_forest,SAFE,21.67596,79.155453,Camera Trap (Wildlife),,5.21,2024-05-08 19:03:19,36.3,Night (IR Flash)
108,000762.jpg,PTR-CORE-DEV-21,Devalapar,core_forest,SAFE,21.739414,79.24656,Camera Trap (Wildlife),,1.92,2024-05-08 22:47:07,25.1,Night (IR Flash)
172,000281.jpg,PTR-CORE-SAL-01,Saleghat,core_forest,SAFE,21.577935,79.200042,Camera Trap (Wildlife),,5.3,2024-05-08 23:29:02,25.3,Night (IR Flash)
66,002542.jpg,PTR-CORE-EP-27,East Pench,core_forest,SAFE,21.627019,79.355611,Camera Trap (Wildlife),,3.44,2024-05-09 00:05:38,26.2,Night (IR Flash)
117,001070.jpg,PTR-CORE-CHB-07,Chorbahuli,core_forest,SAFE,21.631268,79.258516,Camera Trap (Wildlife),,13.21,2024-05-09 01:40:06,23.2,Night (IR Flash)
1,002098.jpg,PTR-CORE-EP-12,East Pench,core_forest,SAFE,21.634428,79.30043,Camera Trap (Wildlife),,9.0,2024-05-09 02:53:04,26.3,Night (IR Flash)
69,000785.jpg,PTR-CORE-EP-01,East Pench,core_forest,SAFE,21.664166,79.291695,Camera Trap (Wildlife),,9.19,2024-05-09 03:44:19,25.6,Night (IR Flash)
274,001838.jpg,PTR-CORE-WP-05,West Pench,core_forest,SAFE,21.664632,79.184158,Camera Trap (Wildlife),,8.32,2024-05-09 04:21:19,27.6,Night (IR Flash)
160,000387.jpg,PTR-CORE-SAL-12,Saleghat,core_forest,SAFE,21.626934,79.204587,Camera Trap (Wildlife),,9.49,2024-05-09 05:09:30,23.3,Dawn / Dusk
172,002654.jpg,PTR-CORE-SAL-16,Saleghat,core_forest,SAFE,21.597915,79.189735,Camera Trap (Wildlife),,5.97,2024-05-09 12:07:53,38.7,Daylight
136,000932.jpg,PTR-CORE-EP-22,East Pench,core_forest,SAFE,21.623231,79.3098,Camera Trap (Wildlife),,7.79,2024-05-09 12:08:33,37.2,Daylight
168,002681.jpg,PTR-CORE-EP-25,East Pench,core_forest,SAFE,21.663183,79.315955,Camera Trap (Wildlife),,7.96,2024-05-09 22:25:02,27.9,Night (IR Flash)
96,002123.jpg,PTR-CORE-DEV-08,Devalapar,core_forest,SAFE,21.6963,79.271085,Camera Trap (Wildlife),,6.26,2024-05-10 01:23:36,25.0,Night (IR Flash)
114,002561.jpg,PTR-CORE-EP-05,East Pench,core_forest,SAFE,21.641934,79.292536,Camera Trap (Wildlife),,10.14,2024-05-10 02:04:05,25.3,Night (IR Flash)
246,004792.jpg,PTR-CORE-SAL-06,Saleghat,core_forest,SAFE,21.619906,79.155369,Camera Trap (Wildlife),,5.87,2024-05-10 04:50:35,27.9,Night (IR Flash)
25,003071.jpg,PTR-CORE-EP-23,East Pench,core_forest,SAFE,21.607953,79.306113,Camera Trap (Wildlife),,7.73,2024-05-10 06:10:33,24.4,Dawn / Dusk
160,002731.jpg,PTR-CORE-SAL-09,Saleghat,core_forest,SAFE,21.586444,79.204525,Camera Trap (Wildlife),,6.15,2024-05-10 06:42:18,24.6,Dawn / Dusk
168,001905.jpg,PTR-CORE-EP-20,East Pench,core_forest,SAFE,21.686177,79.330461,Camera Trap (Wildlife),,5.71,2024-05-10 07:01:28,38.3,Dawn / Dusk
100,003251.jpg,PTR-CORE-WP-15,West Pench,core_forest,SAFE,21.710783,79.187601,Camera Trap (Wildlife),,4.26,2024-05-10 11:07:50,34.2,Daylight
196,000624.jpg,PTR-CORE-WP-03,West Pench,core_forest,SAFE,21.683172,79.180992,Camera Trap (Wildlife),,6.62,2024-05-10 11:28:23,37.2,Daylight
171,002505.jpg,PTR-CORE-WP-05,West Pench,core_forest,SAFE,21.664674,79.184234,Camera Trap (Wildlife),,8.32,2024-05-10 12:11:17,34.8,Daylight
91,002949.jpg,PTR-CORE-SAL-10,Saleghat,core_forest,SAFE,21.578379,79.19161,Camera Trap (Wildlife),,4.63,2024-05-10 14:55:08,38.6,Daylight
237,004265.jpg,PTR-CORE-EP-07,East Pench,core_forest,SAFE,21.603079,79.303586,Camera Trap (Wildlife),,7.71,2024-05-10 19:03:09,36.7,Night (IR Flash)
76,001805.jpg,PTR-CORE-CHB-04,Chorbahuli,core_forest,SAFE,21.671274,79.235798,Camera Trap (Wildlife),,9.3,2024-05-11 02:55:25,25.2,Night (IR Flash)
171,001592.jpg,PTR-BUF-PAO-04,Paoni Buffer,buffer,CAUTION,21.562279,79.220169,Camera Trap (Wildlife),,5.61,2024-05-11 03:31:48,23.2,Night (IR Flash)
154,001746.jpg,PTR-CORE-WP-04,West Pench,core_forest,SAFE,21.676442,79.15581,Camera Trap (Wildlife),,5.21,2024-05-11 11:40:41,36.7,Daylight
13,001138.jpg,PTR-CORE-CHB-20,Chorbahuli,core_forest,SAFE,21.628302,79.272398,Camera Trap (Wildlife),,11.75,2024-05-11 17:11:25,36.7,Dawn / Dusk
265,004685.jpg,PTR-CORE-EP-16,East Pench,core_forest,SAFE,21.680581,79.340639,Camera Trap (Wildlife),,4.79,2024-05-11 18:45:31,37.8,Dawn / Dusk
153,003027.jpg,PTR-CORE-DEV-17,Devalapar,core_forest,SAFE,21.689638,79.218033,Camera Trap (Wildlife),,7.55,2024-05-12 02:17:19,23.7,Night (IR Flash)
160,000481.jpg,PTR-CORE-SAL-12,Saleghat,core_forest,SAFE,21.627278,79.204775,Camera Trap (Wildlife),,9.49,2024-05-12 02:17:26,24.1,Night (IR Flash)
261,004825.jpg,PTR-CORE-SAL-14,Saleghat,core_forest,SAFE,21.570991,79.163214,Camera Trap (Wildlife),,1.93,2024-05-12 05:54:33,27.5,Dawn / Dusk
130,004734.jpg,PTR-CORE-WP-20,West Pench,core_forest,SAFE,21.689632,79.159813,Camera Trap (Wildlife),,5.12,2024-05-12 11:22:42,38.5,Daylight
64,004747.jpg,PTR-CORE-DEV-09,Devalapar,core_forest,SAFE,21.732741,79.234219,Camera Trap (Wildlife),,2.98,2024-05-12 13:56:17,39.7,Daylight
168,001544.jpg,PTR-CORE-EP-08,East Pench,core_forest,SAFE,21.664998,79.328142,Camera Trap (Wildlife),,6.74,2024-05-12 15:00:20,39.4,Daylight
43,002998.jpg,PTR-CORE-SAL-02,Saleghat,core_forest,SAFE,21.591491,79.197157,Camera Trap (Wildlife),,5.87,2024-05-12 21:30:52,27.2,Night (IR Flash)
259,002665.jpg,PTR-CORE-WP-14,West Pench,core_forest,SAFE,21.689965,79.172216,Camera Trap (Wildlife),,5.74,2024-05-12 22:34:40,27.5,Night (IR Flash)
81,003397.jpg,PTR-CORE-EP-19,East Pench,core_forest,SAFE,21.68289,79.333054,Camera Trap (Wildlife),,5.49,2024-05-12 23:44:28,26.3,Night (IR Flash)
228,001530.jpg,PTR-BUF-PAO-24,Paoni Buffer,buffer,CAUTION,21.540271,79.209086,Camera Trap (Wildlife),,2.97,2024-05-13 02:30:48,26.3,Night (IR Flash)
153,000718.jpg,PTR-CORE-DEV-18,Devalapar,core_forest,SAFE,21.691188,79.252843,Camera Trap (Wildlife),,6.81,2024-05-13 02:44:17,25.3,Night (IR Flash)
187,004052.jpg,PTR-BUF-PAO-17,Paoni Buffer,buffer,CAUTION,21.558974,79.234574,Camera Trap (Wildlife),,5.63,2024-05-13 03:09:11,27.6,Night (IR Flash)
42,000939.jpg,PTR-CORE-CHB-19,Chorbahuli,core_forest,SAFE,21.643019,79.253255,Camera Trap (Wildlife),,12.09,2024-05-13 04:09:46,25.4,Night (IR Flash)
12,004032.jpg,PTR-CORE-EP-02,East Pench,core_forest,SAFE,21.627633,79.305242,Camera Trap (Wildlife),,8.35,2024-05-13 16:22:57,36.2,Daylight
246,002859.jpg,PTR-CORE-SAL-11,Saleghat,core_forest,SAFE,21.591786,79.170624,Camera Trap (Wildlife),,4.39,2024-05-13 18:40:36,37.2,Dawn / Dusk
274,005152.jpg,PTR-CORE-WP-07,West Pench,core_forest,SAFE,21.719724,79.144539,Camera Trap (Wildlife),,1.89,2024-05-13 21:05:39,24.5,Night (IR Flash)
142,002999.jpg,PTR-CORE-WP-13,West Pench,core_forest,SAFE,21.666479,79.170561,Camera Trap (Wildlife),,6.87,2024-05-13 22:51:05,26.0,Night (IR Flash)
267,004934.jpg,PTR-CORE-EP-06,East Pench,core_forest,SAFE,21.621706,79.325562,Camera Trap (Wildlife),,6.24,2024-05-13 23:06:59,23.7,Night (IR Flash)
201,000109.jpg,PTR-CORE-CHB-24,Chorbahuli,core_forest,SAFE,21.679927,79.258819,Camera Trap (Wildlife),,8.03,2024-05-14 00:04:48,27.5,Night (IR Flash)
226,001310.jpg,PTR-CORE-CHB-20,Chorbahuli,core_forest,SAFE,21.628757,79.272684,Camera Trap (Wildlife),,11.75,2024-05-14 05:19:20,25.6,Dawn / Dusk
265,001348.jpg,PTR-CORE-EP-20,East Pench,core_forest,SAFE,21.686237,79.329982,Camera Trap (Wildlife),,5.71,2024-05-14 05:49:35,24.4,Night (IR Flash)
201,003660.jpg,PTR-CORE-DEV-04,Devalapar,core_forest,SAFE,21.715324,79.256387,Camera Trap (Wildlife),,4.06,2024-05-14 05:57:56,27.9,Night (IR Flash)
12,004323.jpg,PTR-CORE-EP-08,East Pench,core_forest,SAFE,21.665172,79.32767,Camera Trap (Wildlife),,6.74,2024-05-14 12:14:15,34.3,Daylight
33,002192.jpg,PTR-CORE-DEV-08,Devalapar,core_forest,SAFE,21.696924,79.271805,Camera Trap (Wildlife),,6.26,2024-05-14 14:49:20,39.4,Daylight
271,000324.jpg,PTR-CORE-EP-16,East Pench,core_forest,SAFE,21.681192,79.34119,Camera Trap (Wildlife),,4.79,2024-05-14 18:54:13,34.4,Dawn / Dusk
45,000229.jpg,PTR-CORE-CHB-23,Chorbahuli,core_forest,SAFE,21.624073,79.238591,Camera Trap (Wildlife),,11.54,2024-05-14 20:11:11,27.3,Night (IR Flash)
45,003341.jpg,PTR-CORE-EP-24,East Pench,core_forest,SAFE,21.609604,79.309024,Camera Trap (Wildlife),,7.53,2024-05-14 21:08:25,28.0,Night (IR Flash)
33,001450.jpg,PTR-CORE-DEV-04,Devalapar,core_forest,SAFE,21.715685,79.25574,Camera Trap (Wildlife),,4.06,2024-05-14 21:29:27,26.1,Night (IR Flash)
139,004156.jpg,PTR-CORE-EP-05,East Pench,core_forest,SAFE,21.642272,79.292004,Camera Trap (Wildlife),,10.14,2024-05-14 21:43:58,27.5,Night (IR Flash)
60,001652.jpg,PTR-CORE-EP-13,East Pench,core_forest,SAFE,21.695354,79.313415,Camera Trap (Wildlife),,5.48,2024-05-14 22:11:04,26.2,Night (IR Flash)
246,000245.jpg,PTR-CORE-SAL-04,Saleghat,core_forest,SAFE,21.630061,79.195414,Camera Trap (Wildlife),,9.29,2024-05-15 00:21:32,23.9,Night (IR Flash)
244,004577.jpg,PTR-CORE-WP-09,West Pench,core_forest,SAFE,21.674619,79.149347,Camera Trap (Wildlife),,4.59,2024-05-15 01:11:10,23.1,Night (IR Flash)
172,001737.jpg,PTR-CORE-SAL-10,Saleghat,core_forest,SAFE,21.578714,79.191973,Camera Trap (Wildlife),,4.63,2024-05-15 01:45:59,25.4,Night (IR Flash)
33,004475.jpg,PTR-CORE-DEV-12,Devalapar,core_forest,SAFE,21.69943,79.229496,Camera Trap (Wildlife),,6.6,2024-05-15 05:41:03,25.4,Dawn / Dusk
261,001638.jpg,PTR-CORE-EP-08,East Pench,core_forest,SAFE,21.664684,79.328196,Camera Trap (Wildlife),,6.74,2024-05-15 05:45:39,25.5,Night (IR Flash)
40,000548.jpg,PTR-CORE-SAL-08,Saleghat,core_forest,SAFE,21.588273,79.148726,Camera Trap (Wildlife),,3.73,2024-05-15 09:52:45,37.4,Daylight
253,003175.jpg,PTR-CORE-SAL-03,Saleghat,core_forest,SAFE,21.598839,79.148465,Camera Trap (Wildlife),,4.68,2024-05-15 18:05:43,40.0,Dawn / Dusk
198,000747.jpg,PTR-CORE-CHB-20,Chorbahuli,core_forest,SAFE,21.628088,79.272193,Camera Trap (Wildlife),,11.75,2024-05-15 19:09:57,36.3,Night (IR Flash)
34,001247.jpg,PTR-VIL-PIP-01,Pipariya Edge,village_edge,CRITICAL,21.578105,79.371087,PTZ / AI Camera,Pipariya,0.36,2024-05-15 19:17:19,35.4,Night (IR Flash)
117,002526.jpg,PTR-CORE-CHB-10,Chorbahuli,core_forest,SAFE,21.664737,79.251753,Camera Trap (Wildlife),,9.75,2024-05-15 20:45:17,27.3,Night (IR Flash)
90,004131.jpg,PTR-CORE-WP-10,West Pench,core_forest,SAFE,21.725176,79.180159,Camera Trap (Wildlife),,2.61,2024-05-15 21:51:49,24.6,Night (IR Flash)
130,004972.jpg,PTR-CORE-WP-15,West Pench,core_forest,SAFE,21.710626,79.187058,Camera Trap (Wildlife),,4.26,2024-05-15 22:23:58,26.8,Night (IR Flash)
145,001254.jpg,PTR-CORE-CHB-06,Chorbahuli,core_forest,SAFE,21.674327,79.272372,Camera Trap (Wildlife),,8.76,2024-05-16 02:04:03,24.1,Night (IR Flash)
22,003808.jpg,PTR-CORE-EP-12,East Pench,core_forest,SAFE,21.634175,79.300524,Camera Trap (Wildlife),,9.0,2024-05-16 02:16:48,23.6,Night (IR Flash)
154,000283.jpg,PTR-CORE-DEV-13,Devalapar,core_forest,SAFE,21.715722,79.230585,Camera Trap (Wildlife),,4.92,2024-05-16 05:34:46,26.8,Night (IR Flash)
252,002033.jpg,PTR-CORE-CHB-01,Chorbahuli,core_forest,SAFE,21.628561,79.258487,Camera Trap (Wildlife),,13.16,2024-05-16 05:49:22,27.1,Dawn / Dusk
139,001432.jpg,PTR-CORE-EP-12,East Pench,core_forest,SAFE,21.634213,79.301362,Camera Trap (Wildlife),,9.0,2024-05-16 07:11:40,38.6,Dawn / Dusk
153,001044.jpg,PTR-CORE-WP-19,West Pench,core_forest,SAFE,21.673442,79.171541,Camera Trap (Wildlife),,6.88,2024-05-16 19:17:05,39.6,Night (IR Flash)
226,002764.jpg,PTR-CORE-CHB-12,Chorbahuli,core_forest,SAFE,21.611699,79.276094,Camera Trap (Wildlife),,10.62,2024-05-16 20:19:36,24.7,Night (IR Flash)
90,001525.jpg,PTR-CORE-WP-15,West Pench,core_forest,SAFE,21.710673,79.186858,Camera Trap (Wildlife),,4.26,2024-05-16 20:44:32,27.2,Night (IR Flash)
13,004863.jpg,PTR-CORE-EP-23,East Pench,core_forest,SAFE,21.608028,79.306482,Camera Trap (Wildlife),,7.73,2024-05-16 21:35:44,26.3,Night (IR Flash)
229,003693.jpg,PTR-CORE-CHB-05,Chorbahuli,core_forest,SAFE,21.644662,79.230482,Camera Trap (Wildlife),,12.25,2024-05-16 21:56:29,27.9,Night (IR Flash)
237,000262.jpg,PTR-CORE-EP-11,East Pench,core_forest,SAFE,21.680399,79.338448,Camera Trap (Wildlife),,5.01,2024-05-17 02:22:19,23.8,Night (IR Flash)
6,001520.jpg,PTR-CORE-SAL-10,Saleghat,core_forest,SAFE,21.578879,79.192456,Camera Trap (Wildlife),,4.63,2024-05-17 02:46:25,26.5,Night (IR Flash)
247,004773.jpg,PTR-CORE-SAL-18,Saleghat,core_forest,SAFE,21.594949,79.196411,Camera Trap (Wildlife),,6.16,2024-05-17 04:22:48,23.9,Night (IR Flash)
253,004130.jpg,PTR-CORE-WP-15,West Pench,core_forest,SAFE,21.711109,79.187198,Camera Trap (Wildlife),,4.26,2024-05-17 06:55:09,25.1,Dawn / Dusk
153,004109.jpg,PTR-CORE-WP-13,West Pench,core_forest,SAFE,21.66634,79.170296,Camera Trap (Wildlife),,6.87,2024-05-17 14:36:35,39.8,Daylight
172,000154.jpg,PTR-CORE-SAL-01,Saleghat,core_forest,SAFE,21.577348,79.200099,Camera Trap (Wildlife),,5.3,2024-05-17 19:14:44,34.5,Dawn / Dusk
160,000559.jpg,PTR-CORE-CHB-07,Chorbahuli,core_forest,SAFE,21.631174,79.258531,Camera Trap (Wildlife),,13.21,2024-05-17 22:51:03,24.5,Night (IR Flash)
273,003982.jpg,PTR-CORE-EP-24,East Pench,core_forest,SAFE,21.610375,79.309622,Camera Trap (Wildlife),,7.53,2024-05-17 23:21:02,27.2,Night (IR Flash)
202,001475.jpg,PTR-CORE-CHB-04,Chorbahuli,core_forest,SAFE,21.671009,79.235345,Camera Trap (Wildlife),,9.3,2024-05-18 02:24:20,24.8,Night (IR Flash)
268,004844.jpg,PTR-CORE-EP-16,East Pench,core_forest,SAFE,21.680505,79.341563,Camera Trap (Wildlife),,4.79,2024-05-18 02:55:02,23.9,Night (IR Flash)
211,000433.jpg,PTR-CORE-SAL-13,Saleghat,core_forest,SAFE,21.598887,79.18822,Camera Trap (Wildlife),,5.95,2024-05-18 03:41:04,27.7,Night (IR Flash)
153,003297.jpg,PTR-CORE-DEV-09,Devalapar,core_forest,SAFE,21.73365,79.233768,Camera Trap (Wildlife),,2.98,2024-05-18 05:13:01,23.4,Night (IR Flash)
237,002476.jpg,PTR-CORE-EP-23,East Pench,core_forest,SAFE,21.608065,79.305964,Camera Trap (Wildlife),,7.73,2024-05-18 07:47:23,34.5,Dawn / Dusk
240,003097.jpg,PTR-CORE-SAL-09,Saleghat,core_forest,SAFE,21.586974,79.203876,Camera Trap (Wildlife),,6.15,2024-05-18 09:46:47,38.1,Daylight
228,002735.jpg,PTR-CORE-SAL-18,Saleghat,core_forest,SAFE,21.595446,79.196339,Camera Trap (Wildlife),,6.16,2024-05-18 18:41:38,38.6,Dawn / Dusk
115,003024.jpg,PTR-CORE-DEV-08,Devalapar,core_forest,SAFE,21.69626,79.272063,Camera Trap (Wildlife),,6.26,2024-05-18 19:48:24,39.3,Dawn / Dusk
106,004802.jpg,PTR-CORE-DEV-24,Devalapar,core_forest,SAFE,21.722301,79.247588,Camera Trap (Wildlife),,3.53,2024-05-18 20:17:27,27.2,Night (IR Flash)
267,002706.jpg,PTR-CORE-EP-17,East Pench,core_forest,SAFE,21.653567,79.35764,Camera Trap (Wildlife),,3.82,2024-05-18 21:57:07,27.6,Night (IR Flash)
160,003548.jpg,PTR-CORE-SAL-13,Saleghat,core_forest,SAFE,21.59876,79.188225,Camera Trap (Wildlife),,5.95,2024-05-18 22:14:40,28.0,Night (IR Flash)
109,003402.jpg,PTR-CORE-CHB-14,Chorbahuli,core_forest,SAFE,21.631282,79.223546,Camera Trap (Wildlife),,11.04,2024-05-18 22:32:52,26.1,Night (IR Flash)
142,003199.jpg,PTR-BUF-N-09,North Buffer,buffer,CAUTION,21.743761,79.28365,CCTV / Solar Camera,,2.43,2024-05-18 23:15:30,23.7,Night (IR Flash)
153,001376.jpg,PTR-CORE-DEV-07,Devalapar,core_forest,SAFE,21.702386,79.231388,Camera Trap (Wildlife),,6.27,2024-05-19 00:31:20,25.0,Night (IR Flash)
195,004233.jpg,PTR-CORE-WP-19,West Pench,core_forest,SAFE,21.673609,79.171112,Camera Trap (Wildlife),,6.88,2024-05-19 02:44:40,26.7,Night (IR Flash)
249,005044.jpg,PTR-CORE-SAL-06,Saleghat,core_forest,SAFE,21.619166,79.155347,Camera Trap (Wildlife),,5.87,2024-05-19 03:02:00,27.2,Night (IR Flash)
237,000104.jpg,PTR-CORE-EP-28,East Pench,core_forest,SAFE,21.664622,79.33253,Camera Trap (Wildlife),,6.35,2024-05-19 03:49:20,26.7,Night (IR Flash)
267,002512.jpg,PTR-CORE-EP-18,East Pench,core_forest,SAFE,21.63821,79.328513,Camera Trap (Wildlife),,6.48,2024-05-19 04:01:27,27.3,Night (IR Flash)
117,001766.jpg,PTR-CORE-EP-21,East Pench,core_forest,SAFE,21.670399,79.293184,Camera Trap (Wildlife),,8.45,2024-05-19 05:04:12,25.6,Night (IR Flash)
211,001046.jpg,PTR-BUF-NAG-06,Nagalwadi Buffer,buffer,CAUTION,21.526353,79.252847,CCTV / Solar Camera,,3.19,2024-05-19 06:45:37,25.0,Dawn / Dusk
208,000641.jpg,PTR-CORE-SAL-15,Saleghat,core_forest,SAFE,21.628279,79.179277,Camera Trap (Wildlife),,8.46,2024-05-19 13:03:50,37.8,Daylight
213,001160.jpg,PTR-CORE-DEV-20,Devalapar,core_forest,SAFE,21.688731,79.23781,Camera Trap (Wildlife),,7.41,2024-05-19 19:13:01,38.8,Night (IR Flash)
96,003814.jpg,PTR-CORE-EP-10,East Pench,core_forest,SAFE,21.681233,79.29059,Camera Trap (Wildlife),,7.39,2024-05-19 21:17:17,25.7,Night (IR Flash)
106,000265.jpg,PTR-CORE-DEV-20,Devalapar,core_forest,SAFE,21.688093,79.237939,Camera Trap (Wildlife),,7.41,2024-05-19 22:29:57,27.2,Night (IR Flash)
268,003621.jpg,PTR-CORE-EP-24,East Pench,core_forest,SAFE,21.609907,79.309861,Camera Trap (Wildlife),,7.53,2024-05-19 23:17:56,24.7,Night (IR Flash)
247,002072.jpg,PTR-VIL-KHU-01,Khursapar Edge,village_edge,CRITICAL,21.562473,79.113236,PTZ / AI Camera,Khursapar,0.73,2024-05-20 00:39:11,23.4,Night (IR Flash)
160,000100.jpg,PTR-CORE-WP-06,West Pench,core_forest,SAFE,21.675708,79.203732,Camera Trap (Wildlife),,8.39,2024-05-20 14:25:19,39.1,Daylight
106,003012.jpg,PTR-CORE-DEV-03,Devalapar,core_forest,SAFE,21.739605,79.253894,Camera Trap (Wildlife),,1.55,2024-05-20 18:46:40,36.6,Dawn / Dusk
97,002442.jpg,PTR-CORE-WP-14,West Pench,core_forest,SAFE,21.690082,79.172372,Camera Trap (Wildlife),,5.74,2024-05-20 19:09:21,37.0,Dawn / Dusk
54,003617.jpg,PTR-CORE-DEV-16,Devalapar,core_forest,SAFE,21.739456,79.245751,Camera Trap (Wildlife),,2.01,2024-05-20 19:38:12,35.4,Night (IR Flash)
228,002807.jpg,PTR-CORE-SAL-08,Saleghat,core_forest,SAFE,21.587631,79.148798,Camera Trap (Wildlife),,3.73,2024-05-20 23:05:10,23.6,Night (IR Flash)
124,000078.jpg,PTR-CORE-DEV-12,Devalapar,core_forest,SAFE,21.699248,79.229625,Camera Trap (Wildlife),,6.6,2024-05-21 01:26:08,23.6,Night (IR Flash)
3,003431.jpg,PTR-CORE-SAL-08,Saleghat,core_forest,SAFE,21.588444,79.148749,Camera Trap (Wildlife),,3.73,2024-05-21 05:42:14,23.7,Night (IR Flash)
82,004159.jpg,PTR-CORE-CHB-22,Chorbahuli,core_forest,SAFE,21.647783,79.263568,Camera Trap (Wildlife),,11.58,2024-05-21 06:04:54,24.8,Dawn / Dusk
33,005041.jpg,PTR-CORE-DEV-07,Devalapar,core_forest,SAFE,21.702831,79.23126,Camera Trap (Wildlife),,6.27,2024-05-21 10:16:06,37.6,Daylight
88,004405.jpg,PTR-CORE-DEV-17,Devalapar,core_forest,SAFE,21.690293,79.218114,Camera Trap (Wildlife),,7.55,2024-05-21 11:40:20,35.8,Daylight
168,003384.jpg,PTR-CORE-EP-18,East Pench,core_forest,SAFE,21.637922,79.328424,Camera Trap (Wildlife),,6.48,2024-05-21 13:45:45,39.4,Daylight
33,000069.jpg,PTR-CORE-CHB-03,Chorbahuli,core_forest,SAFE,21.641493,79.276876,Camera Trap (Wildlife),,11.58,2024-05-21 18:26:07,37.4,Dawn / Dusk
237,001003.jpg,PTR-CORE-CHB-06,Chorbahuli,core_forest,SAFE,21.67368,79.27176,Camera Trap (Wildlife),,8.76,2024-05-21 19:19:16,35.2,Night (IR Flash)
246,003990.jpg,PTR-CORE-WP-05,West Pench,core_forest,SAFE,21.66495,79.184521,Camera Trap (Wildlife),,8.32,2024-05-22 00:03:58,23.1,Night (IR Flash)
0,003107.jpg,PTR-CORE-WP-12,West Pench,core_forest,SAFE,21.71653,79.152977,Camera Trap (Wildlife),,2.69,2024-05-22 00:07:05,26.0,Night (IR Flash)
268,000039.jpg,PTR-CORE-EP-06,East Pench,core_forest,SAFE,21.621848,79.325219,Camera Trap (Wildlife),,6.24,2024-05-22 01:20:00,25.1,Night (IR Flash)
244,001183.jpg,PTR-CORE-WP-14,West Pench,core_forest,SAFE,21.690057,79.172492,Camera Trap (Wildlife),,5.74,2024-05-22 01:27:54,27.6,Night (IR Flash)
220,004710.jpg,PTR-CORE-EP-09,East Pench,core_forest,SAFE,21.621992,79.331064,Camera Trap (Wildlife),,5.65,2024-05-22 01:46:04,26.6,Night (IR Flash)
90,000305.jpg,PTR-CORE-DEV-10,Devalapar,core_forest,SAFE,21.721334,79.238634,Camera Trap (Wildlife),,4.07,2024-05-22 14:58:52,37.9,Daylight
154,000505.jpg,PTR-CORE-DEV-01,Devalapar,core_forest,SAFE,21.694091,79.258381,Camera Trap (Wildlife),,6.39,2024-05-22 19:09:03,34.0,Dawn / Dusk
177,003373.jpg,PTR-CORE-WP-16,West Pench,core_forest,SAFE,21.729264,79.147343,Camera Trap (Wildlife),,1.74,2024-05-22 20:29:04,26.3,Night (IR Flash)
246,005141.jpg,PTR-CORE-WP-19,West Pench,core_forest,SAFE,21.672934,79.171361,Camera Trap (Wildlife),,6.88,2024-05-22 21:05:05,23.1,Night (IR Flash)
129,002390.jpg,PTR-CORE-WP-11,West Pench,core_forest,SAFE,21.693491,79.194676,Camera Trap (Wildlife),,6.33,2024-05-22 22:09:01,23.5,Night (IR Flash)
220,003369.jpg,PTR-CORE-EP-28,East Pench,core_forest,SAFE,21.665283,79.332154,Camera Trap (Wildlife),,6.35,2024-05-23 01:03:00,24.2,Night (IR Flash)
244,000782.jpg,PTR-CORE-WP-09,West Pench,core_forest,SAFE,21.674716,79.149113,Camera Trap (Wildlife),,4.59,2024-05-23 01:33:42,23.9,Night (IR Flash)
168,002025.jpg,PTR-CORE-EP-19,East Pench,core_forest,SAFE,21.683236,79.332931,Camera Trap (Wildlife),,5.49,2024-05-23 04:20:10,24.9,Night (IR Flash)
39,003037.jpg,PTR-CORE-DEV-24,Devalapar,core_forest,SAFE,21.722163,79.247569,Camera Trap (Wildlife),,3.53,2024-05-23 04:57:37,25.9,Night (IR Flash)
136,004722.jpg,PTR-CORE-DEV-24,Devalapar,core_forest,SAFE,21.722767,79.247183,Camera Trap (Wildlife),,3.53,2024-05-23 05:12:25,26.5,Dawn / Dusk
181,000279.jpg,PTR-CORE-EP-08,East Pench,core_forest,SAFE,21.66471,79.328041,Camera Trap (Wildlife),,6.74,2024-05-23 06:33:42,25.0,Dawn / Dusk
172,000029.jpg,PTR-CORE-SAL-11,Saleghat,core_forest,SAFE,21.591679,79.170149,Camera Trap (Wildlife),,4.39,2024-05-23 07:52:20,39.2,Dawn / Dusk
211,001779.jpg,PTR-CORE-CHB-02,Chorbahuli,core_forest,SAFE,21.617356,79.24592,Camera Trap (Wildlife),,11.69,2024-05-23 12:25:58,34.8,Daylight
160,000801.jpg,PTR-CORE-SAL-16,Saleghat,core_forest,SAFE,21.597828,79.189578,Camera Trap (Wildlife),,5.97,2024-05-23 13:32:23,34.2,Daylight
237,004997.jpg,PTR-CORE-CHB-15,Chorbahuli,core_forest,SAFE,21.671739,79.276464,Camera Trap (Wildlife),,8.85,2024-05-23 19:55:59,39.9,Night (IR Flash)
243,002140.jpg,PTR-CORE-DEV-08,Devalapar,core_forest,SAFE,21.69647,79.271897,Camera Trap (Wildlife),,6.26,2024-05-23 22:20:23,24.7,Night (IR Flash)
40,001461.jpg,PTR-CORE-SAL-08,Saleghat,core_forest,SAFE,21.588245,79.148068,Camera Trap (Wildlife),,3.73,2024-05-23 22:30:34,27.6,Night (IR Flash)
114,004699.jpg,PTR-CORE-DEV-21,Devalapar,core_forest,SAFE,21.739794,79.246596,Camera Trap (Wildlife),,1.92,2024-05-24 00:39:43,26.1,Night (IR Flash)
145,005154.jpg,PTR-CORE-DEV-20,Devalapar,core_forest,SAFE,21.688226,79.238355,Camera Trap (Wildlife),,7.41,2024-05-24 05:14:37,24.8,Night (IR Flash)
154,001687.jpg,PTR-CORE-WP-01,West Pench,core_forest,SAFE,21.690857,79.175976,Camera Trap (Wildlife),,5.73,2024-05-24 05:22:04,25.8,Night (IR Flash)
28,004970.jpg,PTR-CORE-EP-21,East Pench,core_forest,SAFE,21.67041,79.293309,Camera Trap (Wildlife),,8.45,2024-05-24 19:17:26,34.7,Night (IR Flash)
244,003014.jpg,PTR-CORE-WP-19,West Pench,core_forest,SAFE,21.673224,79.171447,Camera Trap (Wildlife),,6.88,2024-05-24 21:04:36,26.2,Night (IR Flash)
271,002146.jpg,PTR-CORE-EP-26,East Pench,core_forest,SAFE,21.637125,79.304701,Camera Trap (Wildlife),,8.73,2024-05-25 01:48:44,26.6,Night (IR Flash)
153,004833.jpg,PTR-CORE-SAL-04,Saleghat,core_forest,SAFE,21.630424,79.194788,Camera Trap (Wildlife),,9.29,2024-05-25 03:36:30,23.0,Night (IR Flash)
247,000660.jpg,PTR-CORE-SAL-13,Saleghat,core_forest,SAFE,21.598697,79.18798,Camera Trap (Wildlife),,5.95,2024-05-25 03:37:16,27.1,Night (IR Flash)
129,000317.jpg,PTR-CORE-WP-17,West Pench,core_forest,SAFE,21.687935,79.163443,Camera Trap (Wildlife),,5.57,2024-05-25 04:21:59,24.2,Night (IR Flash)
54,003725.jpg,PTR-CORE-EP-04,East Pench,core_forest,SAFE,21.688918,79.296114,Camera Trap (Wildlife),,6.36,2024-05-25 04:52:15,27.5,Night (IR Flash)
240,003834.jpg,PTR-CORE-CHB-20,Chorbahuli,core_forest,SAFE,21.628794,79.272793,Camera Trap (Wildlife),,11.75,2024-05-25 05:06:10,27.3,Dawn / Dusk
57,004337.jpg,PTR-CORE-EP-08,East Pench,core_forest,SAFE,21.665248,79.327887,Camera Trap (Wildlife),,6.74,2024-05-25 05:30:20,26.5,Night (IR Flash)
108,001942.jpg,PTR-CORE-DEV-09,Devalapar,core_forest,SAFE,21.733286,79.234233,Camera Trap (Wildlife),,2.98,2024-05-25 05:37:50,26.1,Dawn / Dusk
175,001412.jpg,PTR-CORE-EP-17,East Pench,core_forest,SAFE,21.65338,79.357846,Camera Trap (Wildlife),,3.82,2024-05-25 06:38:18,23.7,Dawn / Dusk
34,002826.jpg,PTR-CORE-DEV-02,Devalapar,core_forest,SAFE,21.694077,79.237434,Camera Trap (Wildlife),,6.83,2024-05-25 12:06:22,38.1,Daylight
228,003025.jpg,PTR-CORE-SAL-06,Saleghat,core_forest,SAFE,21.61981,79.154682,Camera Trap (Wildlife),,5.87,2024-05-25 15:12:16,35.7,Daylight
124,005015.jpg,PTR-CORE-WP-01,West Pench,core_forest,SAFE,21.690879,79.176574,Camera Trap (Wildlife),,5.73,2024-05-25 17:32:23,38.7,Dawn / Dusk
148,004098.jpg,PTR-CORE-CHB-03,Chorbahuli,core_forest,SAFE,21.641981,79.277542,Camera Trap (Wildlife),,11.58,2024-05-25 18:02:51,34.1,Dawn / Dusk
57,002272.jpg,PTR-CORE-EP-12,East Pench,core_forest,SAFE,21.634016,79.30054,Camera Trap (Wildlife),,9.0,2024-05-25 22:24:02,27.5,Night (IR Flash)
268,001173.jpg,PTR-CORE-EP-22,East Pench,core_forest,SAFE,21.622428,79.310453,Camera Trap (Wildlife),,7.79,2024-05-25 23:29:41,27.2,Night (IR Flash)
168,004742.jpg,PTR-CORE-EP-03,East Pench,core_forest,SAFE,21.673928,79.336956,Camera Trap (Wildlife),,5.45,2024-05-25 23:35:55,23.2,Night (IR Flash)
151,001591.jpg,PTR-CORE-CHB-14,Chorbahuli,core_forest,SAFE,21.632026,79.223206,Camera Trap (Wildlife),,11.04,2024-05-26 00:36:47,24.3,Night (IR Flash)
261,002513.jpg,PTR-CORE-DEV-18,Devalapar,core_forest,SAFE,21.691081,79.252167,Camera Trap (Wildlife),,6.81,2024-05-26 00:54:21,27.5,Night (IR Flash)
273,001518.jpg,PTR-CORE-EP-12,East Pench,core_forest,SAFE,21.633985,79.300957,Camera Trap (Wildlife),,9.0,2024-05-26 02:37:03,26.4,Night (IR Flash)
82,003266.jpg,PTR-CORE-CHB-16,Chorbahuli,core_forest,SAFE,21.616156,79.249538,Camera Trap (Wildlife),,11.83,2024-05-26 05:00:36,25.0,Dawn / Dusk
172,000692.jpg,PTR-CORE-SAL-17,Saleghat,core_forest,SAFE,21.563564,79.180002,Camera Trap (Wildlife),,2.77,2024-05-26 05:49:36,24.2,Night (IR Flash)
265,003897.jpg,PTR-CORE-EP-11,East Pench,core_forest,SAFE,21.680586,79.3392,Camera Trap (Wildlife),,5.01,2024-05-26 07:13:21,38.2,Dawn / Dusk
240,000664.jpg,PTR-CORE-CHB-03,Chorbahuli,core_forest,SAFE,21.642177,79.276834,Camera Trap (Wildlife),,11.58,2024-05-26 07:46:46,36.2,Dawn / Dusk
244,002353.jpg,PTR-CORE-WP-19,West Pench,core_forest,SAFE,21.672995,79.17135,Camera Trap (Wildlife),,6.88,2024-05-26 15:39:45,38.4,Daylight
126,003387.jpg,PTR-CORE-CHB-19,Chorbahuli,core_forest,SAFE,21.64332,79.253326,Camera Trap (Wildlife),,12.09,2024-05-26 20:21:49,25.9,Night (IR Flash)
27,000002.jpg,PTR-CORE-DEV-06,Devalapar,core_forest,SAFE,21.697465,79.217075,Camera Trap (Wildlife),,6.71,2024-05-27 03:04:01,23.4,Night (IR Flash)
217,002185.jpg,PTR-CORE-WP-05,West Pench,core_forest,SAFE,21.664881,79.184059,Camera Trap (Wildlife),,8.32,2024-05-27 04:35:47,26.5,Night (IR Flash)
88,005022.jpg,PTR-CORE-DEV-17,Devalapar,core_forest,SAFE,21.69038,79.218071,Camera Trap (Wildlife),,7.55,2024-05-27 07:11:27,34.5,Dawn / Dusk
148,002280.jpg,PTR-CORE-EP-03,East Pench,core_forest,SAFE,21.673996,79.337572,Camera Trap (Wildlife),,5.45,2024-05-27 07:57:50,34.9,Dawn / Dusk
274,002684.jpg,PTR-CORE-DEV-24,Devalapar,core_forest,SAFE,21.722076,79.247444,Camera Trap (Wildlife),,3.53,2024-05-27 12:12:42,38.5,Daylight
259,001726.jpg,PTR-BUF-W-10,West Buffer,buffer,CAUTION,21.589603,79.123362,Camera Trap (Wildlife),,1.99,2024-05-27 12:39:36,39.8,Daylight
168,002156.jpg,PTR-CORE-EP-21,East Pench,core_forest,SAFE,21.670846,79.293213,Camera Trap (Wildlife),,8.45,2024-05-27 12:47:57,35.1,Daylight
175,004522.jpg,PTR-CORE-EP-09,East Pench,core_forest,SAFE,21.622421,79.331611,Camera Trap (Wildlife),,5.65,2024-05-27 19:25:08,38.9,Dawn / Dusk
250,001328.jpg,PTR-CORE-DEV-08,Devalapar,core_forest,SAFE,21.696979,79.271895,Camera Trap (Wildlife),,6.26,2024-05-27 19:33:26,38.8,Dawn / Dusk
261,004686.jpg,PTR-CORE-CHB-04,Chorbahuli,core_forest,SAFE,21.671728,79.236095,Camera Trap (Wildlife),,9.3,2024-05-27 22:01:13,26.6,Night (IR Flash)
177,003624.jpg,PTR-CORE-DEV-09,Devalapar,core_forest,SAFE,21.733134,79.233389,Camera Trap (Wildlife),,2.98,2024-05-27 22:02:25,26.0,Night (IR Flash)
238,004355.jpg,PTR-CORE-EP-22,East Pench,core_forest,SAFE,21.623262,79.31067,Camera Trap (Wildlife),,7.79,2024-05-28 02:09:53,23.7,Night (IR Flash)
216,004766.jpg,PTR-CORE-CHB-06,Chorbahuli,core_forest,SAFE,21.673647,79.272171,Camera Trap (Wildlife),,8.76,2024-05-28 14:28:13,36.7,Daylight
66,002738.jpg,PTR-CORE-EP-18,East Pench,core_forest,SAFE,21.637553,79.328176,Camera Trap (Wildlife),,6.48,2024-05-28 15:03:52,37.4,Daylight
30,003416.jpg,PTR-CORE-SAL-14,Saleghat,core_forest,SAFE,21.57083,79.163108,Camera Trap (Wildlife),,1.93,2024-05-28 19:58:56,34.4,Dawn / Dusk
51,002088.jpg,PTR-CORE-DEV-13,Devalapar,core_forest,SAFE,21.715729,79.231093,Camera Trap (Wildlife),,4.92,2024-05-29 01:48:10,24.9,Night (IR Flash)
153,000627.jpg,PTR-CORE-DEV-10,Devalapar,core_forest,SAFE,21.721081,79.238408,Camera Trap (Wildlife),,4.07,2024-05-29 02:54:47,25.5,Night (IR Flash)
220,002910.jpg,PTR-CORE-EP-15,East Pench,core_forest,SAFE,21.684392,79.332088,Camera Trap (Wildlife),,5.55,2024-05-29 05:41:27,23.6,Dawn / Dusk
268,002831.jpg,PTR-CORE-EP-19,East Pench,core_forest,SAFE,21.683277,79.332868,Camera Trap (Wildlife),,5.49,2024-05-29 09:17:37,35.7,Daylight
160,001881.jpg,PTR-CORE-SAL-04,Saleghat,core_forest,SAFE,21.629654,79.195299,Camera Trap (Wildlife),,9.29,2024-05-29 12:31:13,35.0,Daylight
97,000983.jpg,PTR-CORE-WP-15,West Pench,core_forest,SAFE,21.71081,79.18706,Camera Trap (Wildlife),,4.26,2024-05-29 20:14:29,27.4,Night (IR Flash)
153,003696.jpg,PTR-CORE-DEV-19,Devalapar,core_forest,SAFE,21.728165,79.240124,Camera Trap (Wildlife),,3.3,2024-05-29 21:10:53,27.9,Night (IR Flash)
177,002634.jpg,PTR-CORE-WP-07,West Pench,core_forest,SAFE,21.720527,79.145262,Camera Trap (Wildlife),,1.89,2024-05-30 00:22:39,23.5,Night (IR Flash)
109,002583.jpg,PTR-BUF-PAO-02,Paoni Buffer,buffer,CAUTION,21.557306,79.180884,Camera Trap (Wildlife),,2.63,2024-05-30 00:26:56,24.7,Night (IR Flash)
267,002787.jpg,PTR-CORE-EP-18,East Pench,core_forest,SAFE,21.637907,79.329128,Camera Trap (Wildlife),,6.48,2024-05-30 00:45:44,24.8,Night (IR Flash)
229,002685.jpg,PTR-CORE-SAL-12,Saleghat,core_forest,SAFE,21.627046,79.205104,Camera Trap (Wildlife),,9.49,2024-05-30 05:41:54,26.1,Dawn / Dusk
12,002314.jpg,PTR-BUF-NAG-16,Nagalwadi Buffer,buffer,CAUTION,21.526321,79.295771,CCTV / Solar Camera,,1.84,2024-05-30 05:45:28,24.3,Night (IR Flash)
90,003656.jpg,PTR-CORE-WP-03,West Pench,core_forest,SAFE,21.683936,79.18095,Camera Trap (Wildlife),,6.62,2024-05-30 05:59:02,27.3,Night (IR Flash)
142,002888.jpg,PTR-CORE-WP-05,West Pench,core_forest,SAFE,21.664539,79.183683,Camera Trap (Wildlife),,8.32,2024-05-30 09:51:20,39.2,Daylight
238,001391.jpg,PTR-CORE-CHB-05,Chorbahuli,core_forest,SAFE,21.645215,79.230885,Camera Trap (Wildlife),,12.25,2024-05-30 16:15:49,39.5,Daylight
268,004369.jpg,PTR-CORE-EP-27,East Pench,core_forest,SAFE,21.626594,79.355415,Camera Trap (Wildlife),,3.44,2024-05-30 17:01:11,37.3,Dawn / Dusk
72,001541.jpg,PTR-CORE-WP-09,West Pench,core_forest,SAFE,21.67502,79.149618,Camera Trap (Wildlife),,4.59,2024-05-30 19:40:57,39.6,Night (IR Flash)
153,000187.jpg,PTR-CORE-DEV-20,Devalapar,core_forest,SAFE,21.68815,79.237897,Camera Trap (Wildlife),,7.41,2024-05-30 20:06:50,27.9,Night (IR Flash)
27,001446.jpg,PTR-CORE-DEV-20,Devalapar,core_forest,SAFE,21.688159,79.237596,Camera Trap (Wildlife),,7.41,2024-05-30 20:58:30,25.0,Night (IR Flash)
22,002709.jpg,PTR-CORE-CHB-03,Chorbahuli,core_forest,SAFE,21.641638,79.276755,Camera Trap (Wildlife),,11.58,2024-05-30 21:07:44,24.5,Night (IR Flash)
